1.4675709009170532,1.883213758468628,-2.2419261932373047,-1.280037360829045e-11,3.8474531173706055,3.1841795444488525,-3.957513783348077e-08,0.912524938583374,3.1118009090423584,0.6975369453430176,4.789278591488255e-07,2.8353240489959717,-2.9917256832122803,1.5707957744598389,-2.231595993041992,-2.1890952587127686,-0.7742424011230469,-1.5483016967773438,-2.143207167293326e-09,-1.8226080555905355e-06,-2.1171457767486572,-8.170659384632017e-07,3.1415927410125732,-3.141592264175415,-1.9801041162281763e-07,2.513369560241699,9.492052049608901e-05,-1.5707964897155762,3.141592502593994,3.1415929794311523,1.5742853879928589,-1.5707948207855225,-1.5707958936691284,-1.5707969665527344,-1.570796251296997,1.570796251296997,-4.7121992111206055,2.0338428020477295,0.26355212926864624,-1.5707945823669434,1.4854609966278076,-1.570796251296997
-1.4675707817077637,-2.8248205184936523,2.6544055842236958e-09,-1.4912272691726685,3.8474528789520264,1.5920898914337158,3.1415927410125732,1.6841354370117188,0.969446063041687,-1.3950738906860352,2.9417412281036377,-2.8353238105773926,1.8889920711517334,4.7123565673828125,-2.231595993041992,2.189094066619873,-0.7742278575897217,-1.5707957744598389,-0.8741278648376465,2.9702123427455263e-08,-4.2342915534973145,-2.5549185276031494,-3.141592502593994,-3.1415927410125732,1.5707964897155762,5.544543455471285e-07,3.1415905952453613,-1.5707966089248657,3.1415927410125732,4.8329087720721045e-14,1.5707963705062866,1.5707964897155762,-1.5707968473434448,1.5707963705062866,-1.5707966089248657,4.243804092862735e-12,1.5707952976226807,0.5820978879928589,-4.712390899658203,1.5707964897155762,-2.1222822666168213,-1.5707964897155762
-2.772078275680542,-1.8832136392593384,-2.2419261932373047,1.491227388381958,-1.9237265586853027,-2.0863118175472534e-15,7.18452261658925e-14,-0.8280341625213623,-3.0349109172821045,-1.3950740098953247,1.470870852470398,2.8353240489959717,3.9874227046966553,1.570589542388916,2.231595754623413,2.189094305038452,0.7742273807525635,-4.7123894691467285,-2.6223833560943604,4.190522417957254e-07,2.1171457767486572,2.3647257451340532e-14,3.141592025756836,3.141592264175415,4.712389945983887,-1.4741110554439274e-08,7.492164399991452e-08,-1.570796251296997,8.638628989931802e-15,-3.1415927410125732,1.5707966089248657,1.5707968473434448,-1.5707963705062866,-1.570796251296997,1.5707961320877075,3.1415927410125732,1.5707964897155762,2.5403120517730713,-1.570796251296997,1.5707963705062866,2.566110849380493,1.5707967281341553
-0.32612693309783936,-1.4124102592468262,2.2419254779815674,2.982455015182495,-1.9237263202667236,-3.1841797828674316,3.1415929794311523,-0.4218940734863281,1.7761058188625611e-06,-1.395073652267456,2.942675828933716,1.8902164697647095,1.994483470916748,1.951246667886153e-05,-0.23656558990478516,-2.189094305038452,3.1039528846740723,1.0333844423294067,-2.6223864555358887,-3.1416070461273193,-1.063603162765503,-2.5549182891845703,1.342628593192785e-06,-3.141848564147949,-1.5674917697906494,3.769839286804199,1.571598768234253,1.5707956552505493,1.5707987546920776,3.1415913105010986,-1.0842546224594116,1.5708223581314087,-3.0951876640319824,-1.5708013772964478,-1.5299714803695679,3.1415927410125732,0.00038186387973837554,-1.5717438459396362,1.5709118843078613,1.0079634189605713,1.5708180665969849,3.635301113128662
-0.1630634218454361,1.038885474205017,-1.171902060508728,1.4912272691726685,3.847538709640503,-1.5921554565429688,-4.712489604949951,-2.531362295150757,-4.149068355560303,1.3950738906860352,8.078843843906114e-11,-3.7804324626922607,-1.0542947848080075e-08,3.1415927410125732,1.2108757495880127,0.28285056352615356,-0.26742273569107056,-3.141591787338257,0.8741278052330017,-8.288720820814888e-09,-3.1757190227508545,1.2774593830108643,-1.570797085762024,2.2900538410031146e-10,-1.043820816448715e-07,1.2566372156143188,-1.5707963705062866,-3.5538296287995763e-06,-1.570794939994812,1.570796012878418,-1.570791482925415,1.9589890241622925,0.00024119521549437195,-3.141592502593994,-1.5704576969146729,2.7533998489379883,2.606663773718765e-10,-1.5707964897155762,1.5707966089248657,-4.712388515472412,1.5707969665527344,1.5707967281341553
-0.1630658060312271,0.9416068196296692,2.241926431655884,-2.982454776763916,1.9237264394760132,1.5882896775565314e-07,-3.1415927410125732,-0.8215583562850952,-3.1113879680633545,0.6975370049476624,1.679056167602539,-1.6347241401672363,0.9972418546676636,-1.4051377773284912,-1.487730622291565,-1.919188141822815,-0.25587305426597595,3.3613994121551514,-7.178395857875171e-15,1.0315694933189009e-14,1.0585728883743286,-1.2774592638015747,-2.9759347438812256,-3.141507148742676,3.141592264175415,-1.2567120790481567,-1.570796251296997,-1.5707957744598389,-3.141592502593994,-1.5707926750183105,-1.5707966089248657,-1.5707963705062866,-1.5707963705062866,7.252040745697741e-08,1.965874041331972e-08,-1.570796251296997,1.607938066548742e-12,-1.570796251296997,-1.5707966089248657,1.5707963705062866,1.5707963705062866,-3.141597270965576
-2.119824171066284,3.295624017715454,1.1067601442337036,-2.982451915740967,-2.885590076446533,-2.388134717941284,1.5707963705062866,1.687574863433838,-1.4578097062845075e-10,-2.7901477813720703,-6.304668431766913e-07,3.7804324626922607,1.1182678116838929e-09,3.1415929794311523,-2.975461483001709,-1.459396243095398,2.6689161297666075e-11,-3.141592264175415,0.8740876317024231,-0.000262056797510013,-2.1171457767486572,1.298732042312622,4.708634853363037,-1.5707967281341553,3.1185543537139893,-2.5132737159729004,1.9242796156504482e-07,4.391338334630568e-11,-1.5707963705062866,-1.570796251296997,1.5704147815704346,1.5701850652694702,1.570797085762024,-3.1416096687316895,3.443190813064575,3.1410064697265625,-4.712388038635254,1.2691981792449951,-1.5707963705062866,1.5707956552505493,0.943378746509552,1.5707966089248657
0.48919013142585754,-1.4124103784561157,1.0766243934631348,-2.9690542221069336,-2.885589838027954,-0.7960444092750549,1.570796251296997,-2.531362295150757,4.149068355560303,-3.267427717279503e-10,-2.941741704940796,-1.8902162313461304,1.9944837093353271,3.1415927410125732,-2.97546124458313,-1.459396481513977,-3.096909523010254,3.141591787338257,-2.6223833560943604,-1.570870280265808,-1.4783256574446568e-07,-1.2774559259414673,1.5707693099975586,-1.570794939994812,-4.7064366981430794e-07,-2.5132739543914795,-6.831638188486977e-07,5.376187273142818e-10,1.5707963705062866,-1.570796012878418,-4.696819305419922,7.562860901089152e-06,-1.5707958936691284,-3.1415815353393555,0.4445558190345764,1.570796251296997,-1.5707979202270508,-2.0153462886810303,-1.5708117485046387,-1.5707887411117554,1.570817232131958,1.5707916021347046
-0.4891902506351471,1.4124103784561157,1.1209626197814941,-1.2027939558029175,-0.9618633985519409,-2.3881349563598633,-1.5707987546920776,-1.6875747442245483,4.274834930484417e-10,2.7901477813720703,-8.013277152940645e-09,1.8902162313461304,-3.9889676570892334,3.141592502593994,4.463193893432617,2.9187920093536377,1.5484548807144165,3.141594409942627,-0.8741276860237122,1.570873737335205,-2.117144823074341,3.8322043418884277,-1.5731862783432007,-1.5707838535308838,-1.4519657476341763e-08,2.513273239135742,3.1415927410125732,3.1415927410125732,1.5707963705062866,-1.570796012878418,-1.570793867111206,-3.141592502593994,-1.5707658529281616,0.005549563094973564,1.535329818725586,-1.570796251296997,-1.570797324180603,-0.03546653687953949,1.5719153881072998,-1.5702563524246216,4.7123565673828125,1.570785641670227
2.445951223373413,0.941606879234314,1.305482055791174e-09,-1.4912272691726685,-1.9237265586853027,-3.1841800212860107,-7.920763489543958e-10,3.0878355503082275,1.061097502708435,-1.3950740098953247,1.4708648920059204,-2.835324287414551,0.7627599835395813,-1.5707731246948242,2.2315962314605713,2.189084768295288,-2.3226823806762695,-1.55507493019104,-0.8741276860237122,-3.141592264175415,-2.1171457767486572,-2.5549187660217285,3.1415932178497314,-3.1415867805480957,1.5707967281341553,-2.513273239135742,2.445590894240013e-07,-1.5707967281341553,-1.1304727119687552e-11,3.1415929794311523,-1.5707963705062866,-1.5707966089248657,-1.570796012878418,1.5707967281341553,-1.5707894563674927,-8.062065459668588e-10,-1.5707950592041016,-1.5721983909606934,-4.712390422821045,4.71238899230957,-3.2749414443969727,4.71240758895874
-2.445950984954834,1.883213758468628,2.2419261932373047,-2.982454538345337,-1.166019636400506e-08,1.5920898914337158,3.1415934562683105,0.14918366074562073,-1.0583313703536987,-2.7901477813720703,2.941741704940796,2.83532452583313,-0.021319031715393066,-1.570801854133606,-0.7438650131225586,0.7296981811523438,-2.322688579559326,4.699248790740967,-0.8741277456283569,-3.0894508995515935e-07,2.117145538330078,2.5549185276031494,2.3413345928702256e-08,-2.2370290935214143e-06,1.5707955360412598,-1.070985945261782e-05,-1.1944552170461975e-05,1.5707963705062866,3.421963299388153e-07,3.141592264175415,-1.5707939863204956,1.570797324180603,1.5707963705062866,-1.5707964897155762,-1.5707980394363403,2.56463124514994e-07,-1.5708088874816895,-0.8753915429115295,1.5708353519439697,1.5708067417144775,-0.7951462864875793,1.5708062648773193
2.445950984954834,1.8832136392593384,2.2419261932373047,2.982454776763916,-6.088100121814932e-07,-1.5920900106430054,3.1415927410125732,2.66024112701416,-1.0372672080993652,-3.487497329711914,2.206355571746826,0.9411736726760864,-0.9972434639930725,-3.3280043601989746,-2.6375350952148438,1.4591964483261108,2.7948763370513916,0.26406437158584595,-3.4965131282806396,3.1402747631073,-2.1223032474517822,-2.5554964542388916,-3.142155647277832,1.3967360246169847e-06,2.596472995719523e-06,-1.2567589282989502,4.713329315185547,1.5707963705062866,3.1415927410125732,-1.3244980573654175,1.5785751342773438,-1.5727747678756714,0.3443586230278015,1.5722312927246094,-1.5803027153015137,-1.5707956552505493,3.14119815826416,-1.5713926553726196,2.0621490478515625,-1.7151209115982056,1.5706627368927002,0.4294640123844147
2.772080183029175,3.625524769290678e-09,2.2419259548187256,1.491227388381958,-1.9237265586853027,1.5920898914337158,-3.1415927410125732,1.6875746250152588,3.1705503463745117,-0.6975059509277344,2.896714448928833,-2.036104440689087,-2.9917266368865967,-3.2655584812164307,2.975461483001709,0.7296992540359497,-1.548454761505127,1.1412224012019578e-05,1.9829019493045053e-07,-3.141486644744873,-1.0585730075836182,-3.832376718521118,1.6947622299194336,1.5707955360412598,3.1415932178497314,-2.513274669647217,-1.5707929134368896,-1.5707955360412598,3.141592502593994,-1.5708080530166626,-4.710855960845947,1.5707963705062866,1.5707963705062866,-3.141592502593994,3.141592502593994,-1.570796012878418,1.5765546560287476,-1.5707963705062866,-1.5707963705062866,-1.5707961320877075,3.1358344554901123,-1.2690787315368652
-0.16302722692489624,1.0445308618045601e-08,-2.2419261932373047,8.647466423483685e-12,-1.9237266778945923,1.0527263611948001e-06,-3.1415927410125732,-1.816244125366211,-3.111799716949463,-0.6975369453430176,-0.7345101833343506,-2.8353219032287598,2.9917256832122803,-1.5634729862213135,-3.299807548522949,-0.007186463568359613,-1.2463536262512207,-2.899705171585083,1.7482558488845825,3.1415936946868896,2.1171481609344482,-2.5321483612060547,7.525279943365604e-05,7.29589118009244e-08,-7.591687278818426e-09,3.7699105739593506,1.570796251296997,1.570796012878418,3.141592502593994,1.6141554117202759,-1.570796012878418,1.570796251296997,-0.06172945350408554,1.533798098564148,-1.5707958936691284,1.5707964897155762,3.1415932178497314,-1.5707963705062866,1.5165557861328125,-1.5665626525878906,-1.5707963705062866,3.0643060207366943
-1.7936975955963135,2.8248205184936523,-1.9731547951096218e-08,7.47589723459896e-09,-1.2165865648228191e-08,-3.025196093631166e-08,-3.1415934562683105,2.5255484580993652,1.0029630661010742,2.8985095024108887,1.4701809883117676,2.835021495819092,-1.7701536417007446,-1.5707594156265259,-0.7438651919364929,0.7309544682502747,2.322681427001953,1.5708653926849365,1.106292486190796,1.5708011388778687,-2.117145538330078,-2.5526530742645264,-1.0950424211841892e-07,0.0028194275218993425,-3.3540468215942383,-2.513274669647217,-3.1415905952453613,1.570794939994812,-3.1415929794311523,-3.141592502593994,1.5707987546920776,1.4271442523750011e-05,1.5707955360412598,1.5707093477249146,1.5669584274291992,-1.5707857608795166,-1.570797085762024,1.5719428062438965,7.954811007948592e-05,-1.5707896947860718,1.5707238912582397,4.712312698364258
-0.4891905188560486,-4.237231254577637,3.3008501529693604,-2.98203706741333,-0.9618633389472961,0.7960449457168579,-4.712388515472412,-2.531362295150757,-2.0745339393615723,1.3950738906860352,-8.866977374566432e-09,-1.8902162313461304,1.3176633395506343e-10,3.1415927410125732,1.487730622291565,-2.086887036512053e-07,1.5484548807144165,1.9610356394306194e-10,2.622382640838623,-1.5708043575286865,-2.1171457767486572,1.2774592638015747,1.570796251296997,-1.570796012878418,1.2352261435921719e-09,2.5132744312286377,3.1415929794311523,-5.968374405806998e-11,1.5707963705062866,1.570796251296997,1.5711884498596191,-8.521851123077795e-05,1.5707963705062866,-1.348054168293089e-10,3.138495683670044,1.5707653760910034,1.570796012878418,1.5676994323730469,-1.5707957744598389,1.5707955360412598,-1.570796251296997,-1.570796251296997
1.4675707817077637,2.8248205184936523,2.2419261932373047,5.4272106808639364e-09,1.9237264394760132,2.7018141057766343e-09,3.141592264175415,-2.4523282051086426,1.0372668504714966,0.697536826133728,0.004536839202046394,0.9451072216033936,-2.991724967956543,1.5708001852035522,0.7438603043556213,0.7376769781112671,-1.1547741889953613,1.5707917213439941,-3.496511459350586,-1.4051889820621e-06,3.102020684764284e-08,-5.099469184875488,1.166167112387484e-05,-3.141592264175415,3.141592025756836,1.2566359043121338,1.5707957744598389,-1.5707961320877075,-1.6966632543358173e-09,3.141622304916382,1.5707982778549194,1.570796251296997,-1.5707945823669434,1.5707998275756836,1.5707902908325195,1.5707963705062866,3.141592502593994,-1.5707982778549194,-0.0002106543252011761,-1.570784568786621,1.5707828998565674,-1.5707991123199463
3.0982048511505127,1.8832136392593384,-1.8836605608640866e-09,1.4912275075912476,1.2068918087138059e-09,-1.5920898914337158,-1.4979946172388736e-09,-2.5736024379730225,-3.0740742683410645,-0.6975429058074951,1.470869541168213,2.8352620601654053,0.9972417950630188,4.71238899230957,0.7438653707504272,2.1890974044799805,-2.3226816654205322,-4.710033416748047,-1.7482571601867676,-7.743457535980269e-05,-2.1171457767486572,-5.170039366930723e-05,-1.6270496416836977e-07,-3.141270160675049,-3.1415915489196777,4.044111676648754e-07,3.1415913105010986,-1.5707964897155762,3.1415927410125732,3.1415927410125732,-4.710324287414551,1.5708931684494019,4.712372779846191,1.5708763599395752,-1.5712701082229614,1.5707955360412598,1.5707974433898926,-2.130204439163208,1.7422884702682495,-1.5707969665527344,1.8438256978988647,1.570796251296997
-1.1415715217590332,-1.4124102592468262,1.1494156122207642,1.4556968212127686,-0.9618611335754395,-0.7960424423217773,1.5707411766052246,2.531362533569336,-2.0745339393615723,2.7901394367218018,-1.140551262324152e-06,1.8902153968811035,1.3540428778213709e-09,3.1359228103156056e-08,-6.964876320125768e-07,-1.459396481513977,1.4768095191186603e-08,3.1415927410125732,-2.622372627258301,-1.570796012878418,-7.607355883010314e-07,-1.2774937152862549,-1.570533275604248,1.570792555809021,3.1416008472442627,-2.5132791996002197,3.141590118408203,1.222989226334903e-06,1.570796251296997,-1.5707954168319702,-1.5707788467407227,-3.7660413454432273e-06,1.5707999467849731,0.007741598878055811,1.265967607498169,1.5707957744598389,1.5707967281341553,0.30483683943748474,-1.570102334022522,1.570798635482788,-1.5708013772964478,1.570696234703064
-2.7722113132476807,2.8206329345703125,-3.2985546588897705,2.982454776763916,-2.0372029396753533e-08,1.2577331066131592,0.00034733195207081735,3.3751440048217773,-1.8554331973064109e-06,-1.3950738906860352,5.801629576057676e-12,-1.8902162313461304,0.001000935328193009,3.141592025756836,0.7438653707504272,-0.7296980619430542,-1.9132323265075684,1.5704489946365356,0.8741275072097778,-3.1415934562683105,-3.0392915961741096e-10,-2.5549182891845703,-1.4675723036816635e-07,-1.5707945823669434,1.5707963705062866,2.249040365219116,-2.8850512504577637,-3.1415891647338867,1.5707961320877075,-3.141592264175415,-1.5707961320877075,1.5707963705062866,1.5707963705062866,1.570796012878418,1.5731933116912842,3.1415927410125732,-1.5707961320877075,3.139495372772217,-1.5707955360412598,-1.5984926223754883,-3.758388515961997e-07,1.5707963705062866
-1.4675910472869873,-0.470803439617157,-1.1216102838516235,1.4912272691726685,-0.9618633389472961,-3.980224847793579,1.5707963705062866,1.6875749826431274,-2.0745339393615723,-1.3950738906860352,-1.4708788394927979,-4.484379871882993e-07,1.9944838285446167,3.1415927410125732,2.97546124458313,-7.906167276416909e-09,8.514737309325837e-13,-2.38491257992246e-12,0.8741277456283569,1.4054255359496892e-07,2.1171457767486572,-1.2495173215866089,1.5707964897155762,4.712391376495361,3.1053080558776855,-2.5132744312286377,4.774807393914671e-08,6.56632476799153e-14,-1.570796012878418,-1.5707961320877075,-4.712393760681152,-1.5707966089248657,-1.570796251296997,-1.953973693957778e-08,0.17022393643856049,2.817134543420252e-07,-1.5707966089248657,-1.7410202026367188,-1.570796251296997,-4.712391376495361,0.7831570506095886,-1.5707961320877075
-0.8153170943260193,1.883213758468628,2.2419259548187256,-6.319542666943789e-10,3.8474531173706055,-1.5920898914337158,3.141592502593994,3.325791835784912,-1.0372666120529175,3.4876837730407715,2.941741943359375,-0.9451080560684204,-2.9917256832122803,-1.5707964897155762,0.7438653707504272,2.1890947818756104,-2.58781099319458,-4.693874835968018,1.7482558488845825,1.4536182924018703e-08,-2.1171457767486572,2.554917573928833,3.1415927410125732,3.1415929794311523,-3.141592502593994,1.256637454032898,1.570796251296997,-1.5707961320877075,5.993750384902796e-09,-3.141592502593994,-1.570796251296997,-1.5707975625991821,-1.5707963705062866,-1.570796012878418,1.5707968473434448,-1.570796251296997,2.1467376143391448e-07,1.5707961320877075,2.9759018421173096,-1.5707963705062866,-1.5707958936691284,-1.5707950592041016
-1.1414438486099243,-0.4708033502101898,-3.3628900051116943,2.9824540615081787,-0.9618633389472961,-2.388134717941284,1.570796012878418,-2.531362295150757,1.1806882138643005e-09,5.18996963461138e-11,-2.941741704940796,1.0860653487654304e-09,-1.9944838285446167,3.141592502593994,-2.975461721420288,-2.918792247772217,2.3474902022257993e-08,7.292038617379148e-07,2.62239670753479,4.2442508856765926e-05,2.314400973091324e-07,-1.2975701093673706,1.5707812309265137,-4.712384223937988,3.1174471378326416,-1.5838394062939187e-07,-2.4749365223897257e-08,8.64093330221749e-09,1.5707961320877075,1.5707967281341553,1.5707961320877075,-1.5714023113250732,1.5707910060882568,9.624698577681556e-05,-1.7601468563079834,3.142197370529175,-1.5707958936691284,0.18934886157512665,-1.5708041191101074,1.570786952972412,0.08053357899188995,4.712424278259277
0.4714336097240448,-2.354016065597534,-3.362886667251587,0.7456123232841492,1.923726201057434,1.5920902490615845,3.1415939331054688,1.2656807899475098,-1.0372638702392578,-0.6975392699241638,8.245575600085431e-08,1.8902190923690796,-3.988952398300171,2.0825334559049224e-06,0.7434806227684021,-3.648483991622925,-2.322740316390991,-1.5707863569259644,2.622586727142334,1.5696786642074585,-4.234564781188965,2.5549745559692383,3.141575813293457,1.5693668127059937,-3.1447134017944336,-3.916470450349152e-05,-3.1416077613830566,1.5707935094833374,-1.5707992315292358,1.0776176168292295e-05,1.4150642156600952,3.137416362762451,1.5714813470840454,1.5708415508270264,-2.2642574310302734,1.5683315992355347,-1.5707610845565796,2.4461281299591064,1.854648470878601,-1.7283592224121094,-1.573322057723999,-1.5732004642486572
1.467570424079895,-0.470803439617157,-1.0588672161102295,-1.506022334098816,-0.9618633389472961,-0.7960449457168579,-4.7123918533325195,-1.6875747442245483,2.1498922087026529e-10,-2.7901477813720703,2.941741943359375,1.8902162313461304,-1.9944838285446167,-3.141592502593994,2.975461483001709,-1.459396243095398,3.096909761428833,3.1415927410125732,0.8741276860237122,4.712385177612305,-2.1171460151672363,-1.2774574756622314,-1.5706326961517334,1.5707955360412598,3.52618521048953e-08,-2.5132741928100586,-1.1488405782245081e-08,-3.1415927410125732,-1.570796251296997,1.570796012878418,1.570796251296997,-3.141592502593994,1.570796012878418,-5.145586692378856e-05,-1.191479206085205,-1.5707964897155762,1.5707956552505493,0.37931713461875916,1.5707958936691284,-1.5707939863204956,-1.5707964897155762,-1.570796251296997
1.4675707817077637,-2.8248205184936523,4.325174940422727e-11,-4.424744570741268e-09,1.9237265586853027,-3.1841797828674316,-2.2646617914290346e-09,-2.5544092655181885,1.0314140319824219,1.4998691082000732,-1.2691755294799805,-0.9460743069648743,0.0008754174341447651,2.634678840637207,1.2034662961959839,-1.167953610420227,1.8219913244247437,2.91284441947937,2.621678590774536,1.5707966089248657,-2.116119384765625,-1.277458906173706,1.0638830661773682,3.1416172981262207,-3.4084027267233807e-10,-1.2567412853240967,2.810500063787913e-07,1.570796251296997,-3.1415927410125732,-1.5854917764663696,1.5707963705062866,-3.1415932178497314,3.1190099716186523,2.6220543958288545e-08,-1.5710217952728271,-1.5707964897155762,0.0004096112970728427,-1.5711956024169922,1.570796251296997,1.570796251296997,1.570796251296997,3.1153275966644287
-0.8153170943260193,-0.941606879234314,2.2419261932373047,-2.982454776763916,-1.9237265586853027,3.1841797828674316,-3.1415927410125732,2.5544071197509766,-1.037266492843628,3.487684488296509,0.3222900927066803,2.83532977104187,-0.9972419142723083,-2.0998728275299072,0.28548285365104675,-1.168038010597229,-1.822009801864624,0.2306782752275467,3.496511459350586,3.141592502593994,2.1171395778656006,1.2774581909179688,-2.612516164779663,-3.1415927410125732,-2.899678760992508e-12,-1.2566367387771606,1.5707961320877075,-1.5707961320877075,-3.141592502593994,1.6379919052124023,1.570796251296997,1.570796251296997,3.037097454071045,3.1415910720825195,-1.5707951784133911,-1.5707966089248657,-8.167357345989501e-10,-1.5707961320877075,1.5707972049713135,1.570796251296997,1.570796012878418,-3.0198655128479004
2.7350242137908936,-1.0974036124267172e-09,0.01416035182774067,0.2826043665409088,-2.885589838027954,-2.3881349563598633,-1.5707961320877075,1.2656811475753784,-1.0241317749023438,1.073246717453003,0.7355354428291321,-2.8353238105773926,0.2231302410364151,-1.571136236190796,2.975461483001709,-2.918792486190796,-1.548454761505127,3.1415929794311523,1.493868112564087,-3.369837999343872,2.1171457767486572,1.3653654873380106e-09,0.0014670650707557797,3.1415929794311523,-1.570797085762024,-2.513275146484375,-2.476934923834051e-07,-5.004877805594998e-14,3.141592502593994,-1.570796251296997,-1.5707963705062866,1.5707963705062866,1.5707964897155762,-1.566190242767334,1.5707963705062866,-3.141594409942627,-1.5707951784133911,1.4909167289733887,-1.5707982778549194,-1.5738201141357422,-3.1415927410125732,-1.5707964897155762
-1.793697476387024,-0.47080352902412415,-1.0860589742660522,2.9091027045069495e-06,-0.9618632197380066,2.388134717941284,4.712401866912842,-0.843787431716919,4.962888322523895e-09,-1.3950737714767456,1.470870852470398,-1.8902161121368408,-1.9944838285446167,1.3425294653757192e-08,-4.1491176716590417e-07,-2.918792247772217,1.5484551191329956,2.7178810313444046e-08,-2.6223831176757812,-1.5710958242416382,2.117145538330078,1.2774598598480225,1.5565450191497803,-1.5707730054855347,3.1415927410125732,2.5132741928100586,4.804561513083172e-07,6.976895061683308e-09,1.5707963705062866,-1.5707963705062866,-1.5707958936691284,-3.1410648822784424,-1.5707950592041016,1.0152968599186352e-07,-0.6654326915740967,1.5708121061325073,1.570794701576233,-2.2362258434295654,1.5708011388778687,-1.5707968473434448,-1.5708009004592896,1.5707924365997314
-2.4459426403045654,0.9416070580482483,7.3547790080397135e-09,-1.491227388381958,1.9237263202667236,1.5920907258987427,3.1415927410125732,1.6645294427871704,-3.111802101135254,-2.0926079750061035,-2.9006426334381104,2.8185434341430664,0.9972420334815979,2.3212292194366455,-1.2033054828643799,3.210179567337036,1.274880290031433,0.22882960736751556,-4.7840985644143075e-06,3.1415913105010986,-0.019048428162932396,-1.2774592638015747,0.7504330277442932,3.1415836811065674,3.141592502593994,-3.769826650619507,1.5707913637161255,1.5707968473434448,8.162252207455367e-09,4.688896656036377,-1.5708006620407104,1.5707967281341553,3.104064464569092,3.1415929794311523,-1.5699642896652222,1.5707919597625732,-2.4234620354945946e-07,1.570837140083313,1.5707974433898926,-1.5708032846450806,1.5708180665969849,-3.095733165740967
0.3261268436908722,-3.295624017715454,-6.694899745696148e-09,-3.822950134235725e-08,-3.8474528789520264,1.5920898914337158,3.141592502593994,-1.2656809091567993,-2.0745339393615723,2.790147542953491,-2.941741704940796,3.7804324626922607,2.8727178968956935e-10,-3.1415927410125732,-2.231595993041992,-0.00022756961698178202,3.8711369037628174,1.5707961320877075,2.6223833560943604,-1.5551950931549072,2.1171457767486572,-3.83237361907959,-1.5707964897155762,1.5707968473434448,3.141592025756836,-2.5132737159729004,1.448592079622557e-10,-1.570796251296997,1.5707964897155762,8.399048058611858e-13,-1.4948736429214478,0.0020506316795945168,1.570797085762024,5.867400749287599e-13,2.8912789821624756,-1.5661489963531494,-1.5707963705062866,-1.3204829692840576,1.5707967281341553,-1.5707963705062866,-4.71238899230957,1.5707963705062866
-3.0982048511505127,2.8248202800750732,-2.2419261932373047,1.4912281036376953,-1.9237266778945923,-3.1841797828674316,-3.1416749954223633,-1.6644351482391357,-1.0441927909851074,-1.2649873495101929,-1.4708644151687622,-0.9443323612213135,-2.221536159515381,-1.5706332921981812,-0.7438755035400391,2.189079999923706,2.322680950164795,1.5710203647613525,-0.639212429523468,-1.5707879066467285,-2.117145538330078,-2.5548951625823975,3.1416947841644287,-0.007584117352962494,-0.21472735702991486,0.00012156988668721169,-4.963586252415553e-05,1.5707941055297852,-2.0668974229920423e-06,-3.537311243917429e-08,-1.5708903074264526,-2.1160160031286068e-05,1.570784091949463,-1.5708023309707642,-1.5788226127624512,-1.5707573890686035,1.5706887245178223,-1.3578927516937256,-0.00033367934520356357,-1.570793628692627,1.5708000659942627,-4.705592155456543
-2.445951223373413,-0.9416068196296692,-2.2419257164001465,1.9673684610675007e-13,-6.964358424807124e-14,3.1841795444488525,-3.141592502593994,-2.525137424468994,-3.111799716949463,1.3950738906860352,2.941741704940796,2.8353569507598877,-3.388678789138794,4.712388515472412,2.231595754623413,0.7296979427337646,-2.3226821422576904,-1.570796012878418,2.6223831176757812,-3.1415927410125732,2.1171457767486572,-2.554918050765991,6.424717095138144e-12,-0.0006703623221255839,1.570796251296997,-2.513274669647217,-3.1146410606197605e-07,-1.5707964897155762,-3.1415927410125732,3.141592502593994,-1.5707963705062866,-1.5707963705062866,1.5707963705062866,-1.5707968473434448,1.5719633102416992,-3.1415927410125732,-1.5707969665527344,0.937472939491272,-1.5707961320877075,-1.570796251296997,1.6449381113052368,1.5707954168319702
-1.1414439678192139,3.7343138359346995e-08,2.0164490077689834e-09,2.982454776763916,1.9237271547317505,-1.5920897722244263,3.141592502593994,0.7211345434188843,3.1108717918395996,2.092566967010498,2.941709280014038,0.9450237154960632,-2.991727113723755,1.570753574371338,2.2315621376037598,0.7297225594520569,3.8710339069366455,1.579607367515564,-1.7482597827911377,3.1405320167541504,-8.090535175142577e-08,0.00018582995107863098,5.900157702853903e-05,-0.007828442379832268,-3.1415915489196777,0.001762536121532321,-0.002247630385681987,-1.5707967281341553,-3.141592502593994,4.946562512486707e-06,-1.5707957744598389,1.5720171928405762,-1.5707939863204956,4.712612628936768,1.5654560327529907,1.5707921981811523,-4.709402561187744,1.5426210165023804,2.998260021209717,1.5708380937576294,1.7128878831863403,1.5707967281341553
3.098206043243408,0.941606879234314,-2.2419261932373047,6.115265449579965e-08,-1.9237265586853027,1.5920898914337158,-2.1540522254781536e-07,-2.5328187942504883,1.0372676849365234,1.4757174540136475e-05,-0.0005816231132484972,-0.9450867176055908,3.995300769805908,-1.574087381362915,-0.743971586227417,-0.73019939661026,0.7762643694877625,-1.5705006122589111,-0.8742026686668396,3.141449451446533,-2.1171493530273438,-2.554927110671997,-3.2081698009278625e-05,2.2373127649188973e-05,-1.5708006620407104,2.510671377182007,-0.003377301152795553,1.5707975625991821,-1.4451815300020598e-09,3.1415750980377197,1.5359379053115845,-1.5708067417144775,-1.5710583925247192,1.5717875957489014,-1.5707895755767822,-1.015667112369556e-05,1.5715010166168213,2.7499494552612305,-1.570791482925415,1.566388487815857,-3.1015944480895996,-1.5709655284881592
0.8153170347213745,-1.8832136392593384,7.187861972290932e-10,-1.491227388381958,-9.599699507534254e-11,1.5920897722244263,-1.4661123010073496e-11,-2.471452474594116,3.1691367626190186,0.32335159182548523,1.470870852470398,-2.835339069366455,1.7771662473678589,-4.712388515472412,3.719329595565796,-3.6484906673431396,-2.3226821422576904,4.712383270263672,0.6488173604011536,-1.5707961320877075,2.117145538330078,2.5549182891845703,-3.1415929794311523,-3.1442949771881104,0.20691144466400146,-4.0627875819154724e-07,-3.141592502593994,-1.5707964897155762,7.395526413489506e-10,3.502863066273676e-08,-4.710712432861328,3.141592502593994,1.570796251296997,-1.570796251296997,-1.5683695077896118,-1.5706968307495117,-1.5707955360412598,-1.583570957183838,3.140838146209717,1.5707968473434448,1.570796012878418,1.5707963705062866
0.8153170347213745,-3.2956244945526123,-3.415687322616577,0.00437810318544507,-0.9618657827377319,-2.388134717941284,1.570836067199707,-0.843787431716919,3.6096654554285124e-08,-2.7908166888579444e-09,1.4708707332611084,1.8902161121368408,-3.6671978786984027e-09,-3.1415927410125732,2.975461721420288,2.918792963027954,1.5484548807144165,-3.214682010366232e-06,2.6223831176757812,1.5681029558181763,2.117142677307129,-1.2774567604064941,-4.7026777267456055,1.570757269859314,3.141592502593994,-9.696814231574535e-07,3.1415927410125732,-6.250706974242348e-08,-1.5707963705062866,1.5707955360412598,1.5707963705062866,2.867807233997155e-05,-1.570805311203003,3.1415913105010986,2.305673122406006,-1.5707597732543945,-1.570796251296997,2.4067158699035645,1.5707964897155762,-1.5707898139953613,1.5707744359970093,-1.5708041191101074
-2.4459455013275146,2.824812889099121,-2.241997241973877,1.4912282228469849,1.9237264394760132,3.184166669845581,-3.1415927410125732,2.531359910964966,0.9765419363975525,1.3950713872909546,1.4708706140518188,1.8901993036270142,-1.9944838285446167,-4.709797382354736,-2.2315962314605713,2.1890945434570312,-0.7742274403572083,-1.5707964897155762,0.8741277456283569,1.5707956552505493,-1.9067768164404697e-07,-2.5549204349517822,3.141592502593994,-1.5708107948303223,3.1415927410125732,2.5132739543914795,-3.1415927410125732,-1.5707350969314575,-3.1399824619293213,3.141592502593994,-1.570796251296997,-3.1415932178497314,-1.5707964897155762,-4.7123847007751465,-0.3613036870956421,1.570796251296997,4.71238899230957,-1.2094926834106445,-1.919739007949829,-1.5707963705062866,-1.5707964897155762,1.570796251296997
2.119816780090332,1.8832136392593384,-2.2419259548187256,-2.982454538345337,1.9237264394760132,1.5920897722244263,2.0063396277691936e-08,-2.660243511199951,-1.0372672080993652,1.3950738906860352,0.7354354858398438,0.9796268939971924,0.6594961285591125,-0.09712958335876465,2.651548147201538,1.4593961238861084,0.30202963948249817,-3.38293719291687,2.6223835945129395,3.141592502593994,-2.081035614013672,2.554917812347412,3.1415927410125732,1.0269905814652702e-08,-1.570794939994812,3.769930362701416,1.5707964897155762,4.7123894691467285,-3.1415927410125732,-1.592449426651001,1.570792317390442,-1.570796012878418,-0.030838213860988617,-1.570796251296997,-1.569639801979065,3.1415927410125732,-3.1415927410125732,-1.5707961320877075,1.5707964897155762,0.761911928653717,-1.570798397064209,0.039637744426727295
-0.48918992280960083,-3.44658737105874e-08,2.2419261932373047,-2.982455015182495,-1.9237265586853027,1.138086336283095e-08,3.141592502593994,-3.352100372314453,1.0372589826583862,1.3893470764160156,-0.9545063972473145,-2.83532452583313,2.4870651316177828e-08,-3.5188872814178467,1.7732900381088257,-3.210284471511841,-1.2748029232025146,2.910522937774658,0.8741278052330017,1.1134923696517944,-2.117145538330078,1.2774592638015747,4.335094928741455,-1.3999312471789978e-14,-3.98049072815234e-15,-1.256636619567871,2.6842894554138184,1.5707969665527344,-4.373530617524102e-14,1.6454250812530518,-4.710035800933838,-3.141592502593994,-0.12238691747188568,3.141592502593994,1.5707963705062866,1.5707963705062866,1.922160741685275e-08,1.570796251296997,1.5707964897155762,1.5707966089248657,-1.570796251296997,3.2733452320098877
2.445951223373413,2.74847149848938,-3.3570666313171387,-6.631472615481471e-08,7.403615853718293e-08,-1.926469087600708,-0.6193525195121765,0.8437873721122742,3.6142857595677924e-08,2.7901477813720703,-2.941741704940796,3.7804322242736816,-1.9944838285446167,-3.1415927410125732,-0.7438653707504272,2.189094305038452,-2.7320785522460938,-2.1901497840881348,0.8741286993026733,2.0409868284332333e-06,-3.3863782888943206e-09,2.64555516382714e-10,-3.1415939331054688,4.712390899658203,1.570794939994812,-2.7772316932678223,2.885045051574707,-3.1415927410125732,1.5707966089248657,-1.821467976448332e-11,-1.5707963705062866,-1.5707955360412598,1.5707963705062866,-1.5707967281341553,4.68220853805542,3.73676511955523e-09,1.5707963705062866,3.1159675121307373,-1.5707963705062866,-0.971915066242218,3.1415927410125732,1.5707961320877075
1.467758059501648,1.4124102592468262,-1.120883822441101,-1.491135835647583,2.885589361190796,0.7960449457168579,-1.5707961320877075,1.687574863433838,-4.1490678787231445,1.764663807080069e-06,-2.9417552947998047,1.8902076482772827,-1.9944837093353271,-3.1415934562683105,1.487730622291565,-1.459396243095398,-1.966535441433326e-12,-3.141592502593994,-2.6223998069763184,-4.706791400909424,2.1171457767486572,-1.277479887008667,-1.5707963705062866,-1.570796251296997,4.1609535401221365e-05,2.5132741928100586,2.1853914233815885e-09,-3.141592502593994,-1.5707963705062866,-1.570796251296997,-4.712101936340332,-3.141324520111084,-1.5707967281341553,1.1434895252904198e-09,0.36178621649742126,-1.5748165845870972,-1.5707957744598389,-1.2090102434158325,1.5707963705062866,-1.5707961320877075,1.570773720741272,1.5707963705062866
-1.793697714805603,-3.766427516937256,2.2429007540125667e-09,-3.0682305585116865e-09,-2.0070367590108162e-09,-1.5920898914337158,-3.1415936946868896,-2.5311970710754395,1.0608904361724854,-3.4859275817871094,-2.9417388439178467,-2.835423231124878,-0.9972417950630188,-1.5707972049713135,2.2315962314605713,-2.189089775085449,-0.7742545008659363,4.70352029800415,-5.510869982572331e-07,3.1313483715057373,1.254911619064103e-09,-5.109399318695068,3.5450327118269342e-09,3.141186237335205,-1.745897066030011e-06,6.336103251669556e-05,-3.141498565673828,-1.5707963705062866,1.512307967743709e-08,-3.1415915489196777,-1.5707972049713135,1.5768650770187378,-1.5707964897155762,1.5701820850372314,1.5710997581481934,1.570801019668579,-1.5707029104232788,2.0886335372924805,-1.550969123840332,1.5707963705062866,-2.1641974449157715,1.5708112716674805
-2.445951461791992,-0.4708034098148346,-1.1204298734664917,1.491227388381958,0.9618632793426514,-2.388134717941284,1.5707966089248657,2.531362295150757,-2.0745341777801514,2.7901477813720703,1.4708706140518188,1.8902161121368408,1.9944812059402466,3.1415934562683105,-1.487730622291565,-2.918792486190796,-1.5484548807144165,3.943132983758729e-13,2.6223833560943604,-1.5597846508026123,-2.1171457767486572,-1.2774591445922852,4.712390422821045,1.5707964897155762,-3.141592502593994,2.5132739543914795,3.1415927410125732,9.953351814287275e-16,-1.5707963705062866,1.570796251296997,-4.712388038635254,-0.00036378405638970435,-1.5707963705062866,-6.693048025530057e-12,-1.6950606107711792,1.571022629737854,1.570796251296997,-0.12426428496837616,-1.5707963705062866,4.712389945983887,-1.5707964897155762,-1.570796012878418
1.7936975955963135,3.295624017715454,-1.1691911220550537,-1.4912275075912476,2.885589599609375,0.796045184135437,1.570797324180603,-3.3751494884490967,1.7370918925507794e-08,-1.3950738906860352,-2.941741466522217,-1.8902161121368408,-1.9944835901260376,3.1415927410125732,-7.212638593045995e-07,1.4593961238861084,1.5484548807144165,5.061592673882842e-07,0.8741270303726196,-3.1415951251983643,-7.68617894664203e-07,-0.06611074507236481,-1.57074773311615,-1.5707873106002808,4.62397575378418,-2.5132741928100586,-3.141589879989624,1.2523148029686126e-07,1.570796251296997,-1.570793628692627,-1.5596532821655273,-1.570793867111206,1.5708061456680298,0.45591336488723755,-1.0505971908569336,3.1415929794311523,1.5708014965057373,-0.5202152729034424,-1.5707436800003052,-2.028034210205078,0.5592352151870728,-1.5710241794586182
0.16306345164775848,1.883213758468628,2.2419259548187256,-5.556072046886129e-09,-1.9237267971038818,-1.6181576256713015e-07,6.478936143139435e-07,-3.478555679321289,-3.0869250297546387,2.7901477813720703,-2.9414234161376953,-0.9447441101074219,-0.042126625776290894,-1.5773814916610718,2.2315754890441895,-3.648927927017212,-0.774247944355011,1.5697120428085327,-0.8741271495819092,-3.1415905952453613,6.933890404070553e-07,2.5549182891845703,-3.142125129699707,3.140477418899536,-1.5707963705062866,-2.513256072998047,-3.141573190689087,-1.570796251296997,-5.271669465400919e-07,1.1556126992218196e-05,1.5707958936691284,1.5708000659942627,-1.5708047151565552,1.5707988739013672,-1.570122241973877,-3.1415932178497314,1.5707988739013672,0.520043134689331,1.5707933902740479,4.710338592529297,0.2927403450012207,-1.5713410377502441
-2.445951223373413,1.4124102592468262,-3.3621985912323,-0.01988501287996769,2.885589599609375,-2.388134717941284,-1.570796012878418,-3.3751494884490967,-2.0745339393615723,1.3950737714767456,-2.941741704940796,-3.7804324626922607,-1.9944838285446167,2.439483337557391e-10,2.975461483001709,1.7722097567229866e-08,-1.5484548807144165,2.4795903996732704e-08,4.370638370513916,1.570796012878418,-2.1171464920043945,3.83236026763916,1.5846598148345947,-1.5707961320877075,3.141592502593994,-2.5132741928100586,3.141594171524048,-4.3784548903191833e-11,1.5707961320877075,1.5707966089248657,4.705904483795166,5.596434426990982e-09,-1.570796251296997,-3.141585111618042,2.0244102478027344,-1.5707966089248657,1.5707964897155762,2.687978744506836,1.570796251296997,1.5708309412002563,1.5707963705062866,1.570794939994812
1.141273856163025,-1.8664761781692505,1.1209628582000732,1.6566914319992065,-2.069994309294998e-08,0.33819690346717834,2.1401877403259277,1.6875470876693726,2.0745339393615723,-2.790154218673706,1.4708707332611084,-3.7804324626922607,-1.9944838285446167,-3.1416094303131104,0.7438653707504272,2.1890945434570312,-2.704031229019165,-0.5693915486335754,0.8741276860237122,-1.5707964897155762,1.058772958195675e-09,2.5549192428588867,3.141592264175415,1.570796251296997,3.141591787338257,-0.2640685439109802,-3.1415932178497314,5.066917552198902e-08,1.5707963705062866,3.111621271517824e-14,-1.5707961320877075,1.1992749865017902e-15,-1.5707966089248657,-1.5707963705062866,1.6448177099227905,-1.570796251296997,1.570796251296997,3.077319860458374,3.100276470184326,-0.015196614898741245,-1.5707964897155762,-1.5707954168319702
0.634575605392456,-1.4124102592468262,-7.939232091302983e-06,3.269038677215576,0.9563327431678772,2.2544219493865967,-0.3005748987197876,-1.6875746250152588,-3.1117939949035645,3.1297945976257324,-0.7354353070259094,-0.9451062679290771,3.9792304039001465,3.5736937522888184,-1.4877307415008545,2.918792486190796,2.3398207815716887e-09,-3.1415927410125732,-1.4914867877960205,3.1415932178497314,-2.1161181926727295,-2.5549182891845703,3.1415915489196777,7.458515227654061e-08,-1.5707963705062866,-1.2566360235214233,1.5707958936691284,1.117593484423196e-08,-7.996831278764271e-15,-1.5707961320877075,-1.5707958936691284,-1.5707955360412598,1.5518949031829834,-4.712386131286621,-1.5746986865997314,2.6487166238098325e-08,-6.030779039134168e-14,1.5707964897155762,-1.5707963705062866,-1.1709660291671753,1.570796012878418,-1.0406335592269897
-1.7936986684799194,1.4124102592468262,3.2858774662017822,-2.982455015182495,0.9618632793426514,2.3881349563598633,-1.570796251296997,-2.531362295150757,6.858036361023778e-10,-1.3950737714767456,1.470870852470398,-3.7804324626922607,1.9944838285446167,1.5728586433283454e-08,1.4877305030822754,1.459396243095398,1.5484548807144165,-3.1415927410125732,-0.8741274476051331,-3.1415915489196777,-2.1171460151672363,2.5549187660217285,1.5707963705062866,1.5707961320877075,1.5707966089248657,1.2109659053294308e-07,-1.154070830011733e-07,-3.1415927410125732,1.570796251296997,-1.570796251296997,-4.712390899658203,1.5707955360412598,1.5707958936691284,-1.954301357269287,1.674442172050476,-4.440029940933066e-11,1.5707963705062866,0.10364584624767303,1.5707964897155762,2.758087635040283,2.720128297805786,1.570796251296997
2.4464895725250244,0.470803439617157,1.1209630966186523,-8.140920471078061e-08,2.885589838027954,0.7960449457168579,-4.712385177612305,0.843787431716919,6.3894325386115725e-09,-2.7901532649993896,-1.4708786010742188,1.890222430229187,-1.9944846630096436,7.637473986576993e-11,1.487730622291565,1.513744962711172e-10,1.8556117753476542e-10,-3.141592502593994,0.8741278052330017,1.5695362091064453,-2.1171457767486572,-1.2774585485458374,-1.5707563161849976,1.570796012878418,-3.1415927410125732,-8.862334865966659e-09,-7.229772336359019e-10,-4.795684682701307e-12,1.570796251296997,-1.5707963705062866,1.5706415176391602,3.1444101333618164,1.5707958936691284,3.1415927410125732,-0.3052467107772827,1.5707924365997314,-1.5707961320877075,-1.2655495405197144,1.5707963705062866,-1.570796251296997,1.5707591772079468,1.5707964897155762
-0.16306337714195251,2.8248205184936523,-3.784576279031171e-07,-1.4912272691726685,-1.9237265586853027,1.4034337425528065e-07,3.1415934562683105,2.3364360332489014,3.1117677688598633,1.3950746059417725,1.4708718061447144,0.9451152682304382,0.6348496079444885,1.5707963705062866,-3.7193238735198975,-2.1890928745269775,-2.318958044052124,1.5707948207855225,-2.6223835945129395,3.1415674686431885,-2.1171462535858154,3.2572359032201348e-06,-8.633703174609764e-08,3.14155912399292,1.5707879066467285,-1.2604793310165405,-1.5706300735473633,1.570797085762024,-2.275202888313288e-07,3.1415927410125732,-4.712101936340332,-1.5708329677581787,-1.5707978010177612,-1.5707978010177612,-1.5706584453582764,3.1415889263153076,-3.1421780586242676,1.5707943439483643,1.5706851482391357,-1.5708256959915161,1.5706932544708252,-1.5706844329833984
0.1630629301071167,-2.824826240539551,2.2419352531433105,2.9824531078338623,2.53963971772464e-05,1.592089056968689,-3.1416008472442627,-0.9154217839241028,-1.0373258590698242,2.092988967895508,-1.470802664756775,0.9452985525131226,2.991715669631958,-4.71083402633667,-0.7434319257736206,2.1890134811401367,2.322760820388794,-4.703177452087402,1.019796218315605e-05,-3.1427419185638428,-2.1175570487976074,-2.5548083782196045,3.141566753387451,-0.00033410071046091616,1.0332920282962732e-05,2.513188123703003,3.1416969299316406,1.570858359336853,-3.1415600776672363,-3.1416003704071045,1.570792555809021,-1.5708699226379395,1.571623682975769,1.5707939863204956,-1.5712854862213135,-1.5707961320877075,1.5708272457122803,2.584958553314209,3.149930715560913,-1.5724875926971436,-0.07616451382637024,-1.5676239728927612
-0.8154001235961914,1.9804924726486206,3.2838103771209717,2.982501268386841,3.8473970890045166,1.5920851230621338,1.570797085762024,-3.3751494884490967,-2.0745339393615723,-1.3950719833374023,1.4708698987960815,-1.8902162313461304,-8.757675574316837e-14,-3.141592502593994,-1.2108757495880127,-2.635941743850708,1.2810320854187012,1.0818219209340896e-08,2.6223835945129395,-1.5315048694610596,-1.0585728883743286,-1.277459740638733,-1.5707968473434448,4.556043584937053e-13,3.1415934562683105,1.2566370964050293,3.1808838844299316,2.802845455729397e-10,-1.5707963705062866,1.5707957744598389,1.5707966089248657,-3.141592025756836,-3.1415929794311523,3.141592502593994,1.5707968473434448,1.570796251296997,-2.664439779920258e-09,-1.570796251296997,-4.712388038635254,1.570796251296997,1.5707963705062866,-1.5707963705062866
-1.4675707817077637,2.8248205184936523,6.505889871277759e-08,2.982454538345337,1.9237260818481445,1.5920898914337158,3.974963291852873e-08,2.5261728763580322,1.0372663736343384,2.0926692485809326,8.634665960016719e-07,-0.9451084733009338,-2.991748571395874,1.5708063840866089,2.2315962314605713,-2.1890928745269775,0.7742304801940918,4.712385654449463,1.7481423616409302,3.1561405658721924,-8.488048486299249e-09,-2.554917573928833,-3.141587972640991,-6.73373563131463e-07,1.1210089724045247e-05,2.513270139694214,-3.1415927410125732,1.5707963705062866,-3.141592264175415,1.8946155933008413e-06,1.5686578750610352,-4.700891494750977,-1.570788025856018,-1.5707893371582031,-1.570796251296997,-1.570796251296997,1.5707961320877075,-0.029751010239124298,-3.1202473640441895,-1.5708322525024414,1.5857292413711548,1.5707964897155762
-1.9912551641464233,-0.9416068196296692,-2.211583137512207,0.2826043963432312,-2.8855841159820557,-0.7960110902786255,1.5708047151565552,-2.109468460083008,1.0096806287765503,3.1119742393493652,2.2064032554626465,2.8353166580200195,4.021851539611816,1.5700193643569946,1.487730622291565,1.4593961238861084,-3.096909523010254,-2.3372120239173455e-08,-2.0026443004608154,-0.2282453179359436,4.2342915534973145,-2.554929256439209,0.005354706663638353,1.558343501528725e-05,-1.5717426538467407,2.513214111328125,3.72764807252679e-05,-3.141592025756836,3.1415927410125732,1.570796251296997,-1.5707972049713135,-1.5707701444625854,-1.5706154108047485,1.5684295892715454,-1.5708032846450806,-1.2435515372999362e-06,1.5707648992538452,-2.626455545425415,-1.5707846879959106,1.570799469947815,4.9515052523929626e-05,1.5708167552947998
-3.0982046127319336,2.8248202800750732,2.2419261932373047,1.231979673832484e-08,1.9237265586853027,-6.699833677621279e-15,-3.1415927410125732,0.8564935326576233,-3.110654830932617,1.3522796630859375,7.636919718834179e-08,-0.94510817527771,-4.205707550048828,-1.5483859777450562,-2.231595993041992,-0.7296982407569885,2.322681427001953,-4.7123918533325195,-0.6493735909461975,1.5707958936691284,2.5895184434243657e-12,-2.554918050765991,-3.1415929794311523,-6.192823320816387e-08,-0.2065202295780182,2.513273000717163,-1.6689540374703604e-11,1.5707964897155762,-3.141592025756836,-3.141592502593994,-1.5707963705062866,3.1415927410125732,-1.5707963705062866,-1.570796251296997,-1.5707961320877075,-1.570796251296997,1.5707966089248657,0.2797032296657562,-3.141592025756836,-4.71238899230957,1.5707963705062866,-1.5707963705062866
-3.0982046127319336,0.9416069388389587,-4.483853340148926,-3.760433031629873e-08,3.8474535942077637,1.5920900106430054,3.1415929794311523,0.7149067521095276,3.111790895462036,3.4877352714538574,-2.2071101665496826,0.9432516098022461,2.9932429790496826,1.8570629358291626,0.35869288444519043,1.4588907957077026,-1.8504612445831299,2.8400139808654785,-0.0005239907186478376,-3.1413965225219727,-2.1152257919311523,-2.55625057220459,3.1416163444519043,0.00020759830658789724,3.142359733581543,1.2571996450424194,-1.5841718912124634,1.5707954168319702,3.2705949593037076e-07,1.9590126276016235,1.5708281993865967,-1.5832165479660034,-0.5326279997825623,1.572197437286377,1.5721487998962402,-1.5714569091796875,3.1415557861328125,1.5704505443572998,-2.85248064994812,1.814052700996399,1.5708986520767212,-2.4869143962860107
-0.8153169751167297,-0.9416068196296692,-8.948373420025746e-07,-2.982454776763916,3.452243163337698e-06,3.1841814517974854,3.7984711525496095e-05,0.7921575903892517,1.051572561264038,3.677996210171841e-05,2.941710948944092,0.9491256475448608,0.14604873955249786,-1.5708067417144775,-3.7193329334259033,2.1891212463378906,-0.7743464708328247,1.5691262483596802,-2.622232437133789,3.14115047454834,2.117131471633911,3.836548057734035e-05,-3.1416196823120117,-3.1235313415527344,-1.5708073377609253,-0.00020841606601607054,-3.141824960708618,-1.5707839727401733,-6.875951186202656e-08,5.117327600601129e-05,-1.5742287635803223,-1.569947600364685,-1.5708359479904175,-1.570783019065857,-1.5842067003250122,3.1416077613830566,-1.5704931020736694,-2.1518607139587402,-1.5707652568817139,-1.5720508098602295,-3.625487804412842,-1.5687172412872314
-0.48919105529785156,-3.295624017715454,1.1326522827148438,-2.982563018798828,-0.9618625640869141,0.7960449457168579,-1.5707566738128662,-3.375149726867676,2.0745339393615723,1.3950738906860352,2.941741704940796,5.8519816548141534e-08,-1.9944838285446167,-1.728418297375356e-08,-1.4877307415008545,2.918792247772217,-1.548454999923706,-3.141592502593994,0.8741123676300049,-1.574629306793213,5.442831820801075e-07,-1.2771375179290771,-1.576249122619629,-1.5707991123199463,9.65461026680714e-07,-2.5132741928100586,-3.141592502593994,-8.168155929411114e-09,1.5707963705062866,-1.5707969665527344,-1.5707956552505493,3.1443300247192383,-1.5707963705062866,3.14155650138855,-4.203319072723389,-1.569110631942749,1.5707974433898926,0.5090695023536682,4.712591171264648,-1.5707958936691284,1.5707950592041016,4.712442874908447
0.4891902506351471,0.47080355882644653,-1.1215473413467407,-0.0033270588610321283,-0.9618620872497559,2.388134717941284,1.5707995891571045,0.843787431716919,-2.0745344161987305,-2.7901477813720703,-1.4708707332611084,-1.8902162313461304,1.9944838285446167,-3.1415927410125732,1.2237653557178874e-08,-2.918792247772217,1.548454999923706,-3.141598701477051,-2.622422456741333,-1.5623438358306885,-2.1171467304229736,3.832304000854492,-4.71304988861084,-1.5707889795303345,1.2313935258134734e-05,-2.5132744312286377,-3.1415932178497314,3.4858221198419415e-08,1.5707951784133911,-1.5707944631576538,1.5648530721664429,-3.1411099433898926,-1.5708003044128418,-0.00018334582273382694,-0.47905656695365906,-1.5707958936691284,-1.5707951784133911,-2.0498526096343994,1.570995807647705,1.5708062648773193,1.5707200765609741,1.5707981586456299
2.772078275680542,-2.354017734527588,-1.1519767045974731,1.5102769136428833,-0.9618623852729797,-0.7960460782051086,-4.712393283843994,2.531362295150757,2.0745341777801514,1.3950738906860352,-2.941741466522217,1.8902162313461304,1.9944838285446167,-1.3808788779101633e-08,-1.4877307415008545,-3.616223125391116e-07,-3.096909284591675,3.1415910720825195,-2.6223831176757812,-1.5707972049713135,6.955906428629532e-07,-3.8323709964752197,1.5707848072052002,-1.5552253723144531,-4.507756784732919e-06,7.9869806768329e-07,-4.176409440503903e-09,4.425173472100141e-08,1.570796251296997,1.5707955360412598,1.5707958936691284,-5.900701580685563e-07,-1.570796251296997,-2.3763520857755793e-06,3.0752315521240234,1.5707963705062866,1.570788025856018,-1.6371612548828125,-1.5708054304122925,-1.5708115100860596,1.5708086490631104,1.5707892179489136
-1.4675531387329102,-2.8248202800750732,-4.3760830514827376e-09,1.491227388381958,1.9237265586853027,1.5920994281768799,-2.3656279712902517e-10,3.3555386066436768,-1.0372742414474487,-2.092611074447632,-2.9420382976531982,0.9451081156730652,-0.9972419142723083,-1.570817232131958,-3.7190284729003906,2.1896111965179443,2.8332679271698,4.711894512176514,-3.496511220932007,-3.1575710934816925e-09,-2.117145538330078,0.0008704063366167247,-3.1415939331054688,-1.7168423627200724e-10,3.141592502593994,-3.769911050796509,1.570796251296997,1.5707963705062866,-1.3341227428353974e-11,-0.0007502934895455837,1.5749080181121826,-1.5707963705062866,1.5702543258666992,-1.5730918645858765,1.5707963705062866,-1.570796012878418,-3.283379790275376e-09,-1.5707968473434448,-1.3778761625289917,-1.5707932710647583,-1.5707968473434448,-4.712286949157715
2.445951223373413,3.2956290245056152,1.086560606956482,-0.03967607393860817,2.8862085342407227,-2.388129711151123,1.570799469947815,-2.531362533569336,-2.0745339393615723,-1.3950737714767456,1.3540315535465197e-07,-1.8902161121368408,-8.404568774267318e-08,-3.1415927410125732,5.99100815179554e-07,-1.4594019651412964,2.1410062345239567e-06,-1.4104065485298634e-05,-0.8741433620452881,-4.712547302246094,-4.23392391204834,-1.2776072025299072,1.5708335638046265,1.568837285041809,3.141585111618042,-2.894309318435262e-06,3.1415932178497314,2.2806804622632626e-07,-1.5707967281341553,-1.5707913637161255,-1.5708510875701904,3.0557475838577375e-06,1.5708019733428955,-3.1416079998016357,-3.142998695373535,-1.5707826614379883,-4.712380409240723,1.5693920850753784,1.5708767175674438,-1.5699429512023926,1.570870280265808,-1.5702685117721558
3.0014755725860596,-1.883213996887207,2.241741180419922,-2.982452630996704,-0.9600867033004761,-0.5097771883010864,-1.5707353353500366,-1.2656800746917725,-3.1116371154785156,2.09260892868042,1.4707666635513306,0.9458782076835632,-3.989020824432373,-4.716613292694092,1.4877307415008545,-2.9187912940979004,-1.548451542854309,-3.6103283491684124e-05,-1.748255968093872,-3.1415886878967285,2.5020166503963992e-05,-1.2772282361984253,0.0003410140925552696,-3.1419427394866943,-1.570422649383545,1.2571147680282593,1.5700721740722656,-0.0022549829445779324,-1.5761987270934696e-08,-1.57081139087677,1.570802927017212,1.570798397064209,4.715445041656494,1.5695223808288574,1.5702567100524902,1.57073175907135,3.142320156097412,-1.5703039169311523,-3.1416425704956055,-1.572939395904541,-1.5673651695251465,1.571460247039795
1.7936975955963135,0.9416068196296692,-1.9430787645546843e-08,2.982454776763916,-4.920736529356873e-08,3.1841800212860107,3.1415929794311523,3.246363401412964,3.090733766555786,1.395073652267456,2.206306219100952,-0.949903130531311,-1.9610575437545776,2.6753673553466797,1.1356101036071777,-1.459396243095398,3.398606061935425,-2.8538379669189453,0.8741277456283569,-3.141594886779785,-0.0054562948644161224,2.5549185276031494,-3.141590118408203,-3.1417722702026367,-1.5707963705062866,1.2558621168136597,1.5684946775436401,1.5707966089248657,-9.08292729917548e-09,-1.2229371070861816,1.5707963705062866,1.5707993507385254,3.6170387268066406,-1.5707952976226807,-1.5681225061416626,-3.1415927410125732,-0.0006216196925379336,1.5705827474594116,1.5707974433898926,-1.0294231176376343,-4.713008880615234,-0.5944819450378418
-2.772077798843384,1.9412736307344858e-08,2.2419259548187256,-1.4629888690472284e-14,1.9237265586853027,-1.2637971558149275e-08,-2.360238582355123e-08,-1.7106279134750366,3.111802101135254,-2.0926105976104736,2.2939155101776123,2.83532452583313,-0.9972419142723083,-3.0238165855407715,1.7737786769866943,-1.1677751541137695,1.8221945762634277,3.373323440551758,3.496511459350586,-3.1415927410125732,2.1171460151672363,-1.2774595022201538,1.6885724067687988,-3.141592264175415,-2.2842064543548805e-15,-3.7699103355407715,-1.570796251296997,-1.5707958936691284,3.141592502593994,-1.481536865234375,1.5689756870269775,1.5707966089248657,0.14880269765853882,1.1158537205346875e-08,-1.570796251296997,-1.5707963705062866,7.482694477055352e-14,1.570796251296997,1.5707964897155762,1.570796251296997,-1.5707961320877075,0.15770047903060913
-2.119824171066284,-1.883213758468628,2.2419259548187256,2.982454538345337,1.9237265586853027,-2.1394320776774167e-12,3.1415932178497314,2.536942958831787,-1.0372666120529175,-0.06206578388810158,-2.941741466522217,-0.9471259713172913,-0.21913334727287292,-4.712389945983887,-2.2315962314605713,2.1890945434570312,-2.3226819038391113,-1.5707966089248657,-2.8492884635925293,1.5707961320877075,1.3963610823175543e-10,-2.271763861472209e-07,3.1415932178497314,-3.137643337249756,0.2078937441110611,2.513274669647217,-2.2949654329695868e-11,-1.5707963705062866,-2.917340258257184e-10,3.1415927410125732,-1.570796251296997,3.141592502593994,-1.5707964897155762,1.570796251296997,-1.5729504823684692,1.5707963705062866,-1.5707967281341553,0.6827965378761292,-3.1415927410125732,1.570796251296997,1.5707964897155762,1.5707952976226807
2.1198244094848633,2.8248205184936523,-2.2419261932373047,-2.0240631393164676e-09,1.9237265586853027,3.1841797828674316,-2.090952522237899e-09,0.8662731647491455,3.1022143363952637,2.0926108360290527,-1.4810981750488281,-0.5482487678527832,-2.9917256832122803,3.8788206577301025,-1.487410545349121,0.4538508355617523,-1.8106399774551392,-2.9188292026519775,-1.7482516765594482,6.8470894802885596e-06,-1.0563113689422607,-3.8323771953582764,3.975163698196411,0.02444966323673725,3.1415932178497314,1.2742559909820557,4.712385177612305,-1.5707963705062866,-3.1415927410125732,-1.5705190896987915,1.5707967281341553,-1.570804476737976,-1.5737591981887817,-3.141592502593994,3.1458234786987305,1.570796251296997,1.3954797850601608e-07,-1.5707950592041016,-1.5707967281341553,1.570796012878418,1.5707961320877075,3.13995623588562
-2.772078514099121,-1.8113532066345215,-1.14829421043396,-2.982442617416382,-0.1828128695487976,1.2640146017074585,2.2846133708953857,2.531362295150757,2.0745341777801514,2.7901477813720703,2.941741466522217,8.187497968492607e-08,1.9944838285446167,2.369191491879974e-07,2.4243228435516357,0.7296984195709229,-1.971591591835022,2.4277756214141846,0.8739766478538513,-3.1411421298980713,-0.18067295849323273,-2.554918050765991,4.991255195818667e-07,-1.5593266487121582,4.712669849395752,-0.00048206461360678077,-2.886937141418457,-3.141591787338257,1.570796251296997,-3.141592502593994,-1.5708003044128418,1.5704771280288696,-1.5708181858062744,-1.5707964897155762,-3.1390581130981445,-1.223664639837807e-06,-4.7132649421691895,-1.5736483335494995,-1.5710912942886353,-0.005602750927209854,-0.00460578128695488,-1.5707954168319702
-2.119843006134033,0.4708034098148346,3.3639934062957764,1.4776482582092285,-0.9618669152259827,0.7960508465766907,-1.5707992315292358,-1.6875747442245483,1.367760432913201e-06,1.3950741291046143,1.470871090888977,-4.2746958683892444e-07,1.9944831132888794,-3.1415913105010986,2.975461721420288,2.520542636830214e-07,-1.5278159848364226e-09,3.1415843963623047,0.8743931651115417,-1.5788192749023438,-2.1171457767486572,-3.832775115966797,1.5706944465637207,1.5707980394363403,0.000455053144833073,-2.5132620334625244,-3.1415882110595703,8.370239612531805e-08,1.5707979202270508,-1.5707961320877075,4.714113712310791,-3.14109468460083,-1.5707966089248657,3.1416361331939697,-1.3159799575805664,-1.5708125829696655,-1.5708441734313965,2.8868603706359863,1.5707696676254272,-1.5715737342834473,1.5698058605194092,-1.5707985162734985
0.8153170943260193,2.8248205184936523,-2.2419257164001465,2.7086857201652492e-08,-1.9237265586853027,-1.592090129852295,-9.694787905800695e-08,-1.8713655471801758,-1.0372557640075684,3.487694501876831,-2.9399139881134033,-2.8352859020233154,2.991734743118286,-4.710190296173096,5.2070794105529785,0.7263838648796082,0.7742816209793091,-1.5708050727844238,1.748297095298767,-3.141885280609131,-2.117145299911499,0.005473158322274685,-3.140989303588867,9.105181379709393e-05,-4.166078269918216e-06,-2.5132133960723877,4.258460467099212e-05,1.5707966089248657,3.141592264175415,-3.1415953636169434,-4.7089128494262695,-1.571000099182129,-1.5707963705062866,-1.5708078145980835,-1.5707674026489258,1.5706908702850342,1.5707567930221558,0.41088923811912537,-3.1395819187164307,-1.5720833539962769,1.3832314014434814,-1.5701329708099365
-2.445951223373413,-0.9416068196296692,2.2419257164001465,1.4912272691726685,3.506666094652e-12,-1.5920900106430054,7.176345021703279e-12,-0.8429168462753296,1.0372672080993652,-1.395073652267456,-2.941741704940796,-0.9422134757041931,2.005234718322754,-1.570798397064209,2.231595993041992,-2.189094305038452,-0.7742273211479187,-1.5707964897155762,2.6223833560943604,8.196609257993259e-08,-2.117145538330078,2.5549182891845703,-7.724803019470983e-10,0.007940848357975483,-1.5704021453857422,-5.560196996157174e-07,6.277753641370509e-07,1.570796251296997,3.141592502593994,1.3139275258089445e-11,-1.5707252025604248,1.570796251296997,-1.570796251296997,1.5707957744598389,1.578602910041809,-7.591077072488517e-11,-1.5707950592041016,0.9198565483093262,-1.5707963705062866,-1.570796251296997,-1.6009330749511719,1.5707963705062866
8.367518344876146e-10,-1.8926094770431519,2.241926670074463,2.982455015182495,-0.9618634581565857,2.388134717941284,1.5707964897155762,-2.5291130542755127,3.1118009090423584,2.092611074447632,2.2063076496124268,4.724142074584961,-9.252980248675158e-08,2.0816152095794678,-2.1151018142700195,-2.918792486190796,0.8983733654022217,1.8697646856307983,-3.4965109825134277,3.1415932178497314,2.11568284034729,2.5549166202545166,3.141594171524048,3.1415939331054688,-1.5707963705062866,-1.2566170692443848,-1.5708003044128418,-1.5842573642730713,-3.1415927410125732,1.5707964897155762,1.570796251296997,1.5707966089248657,-0.03981243818998337,-1.5707957744598389,-4.712390422821045,-1.1729518175125122,1.3068886346445652e-06,-1.570796012878418,-2.7437477111816406,-0.7318000793457031,4.712393283843994,-0.09990598261356354
3.4244461059570312,-1.4124102592468262,1.1209430694580078,-2.9772701263427734,0.9618638157844543,-0.7960450053215027,1.570789098739624,1.687574863433838,-2.0745341777801514,1.3950748443603516,2.941734552383423,3.780432939529419,-2.5031221539961734e-08,3.141592502593994,-1.4877303838729858,-9.228303810004945e-08,4.261746653355658e-07,3.141592025756836,-2.6224653720855713,4.709710597991943,-2.1171460151672363,-1.2774111032485962,1.572927713394165,1.5707961320877075,-3.1416797637939453,2.5132734775543213,-3.6736548736371333e-07,-4.87156093242902e-08,1.5707964897155762,1.5707964897155762,-1.5707908868789673,-0.0003558825992513448,-1.570796251296997,-3.1425278186798096,-1.358167052268982,1.5711349248886108,-1.570794701576233,-3.35422420501709,-4.712377071380615,-1.5707952976226807,1.570796012878418,1.5708198547363281
2.445951223373413,1.883213758468628,2.2419261932373047,-2.982454776763916,3.8474531173706055,3.1841797828674316,-1.0713318232546953e-08,-1.6645257472991943,1.037266731262207,-3.2289326190948486,1.0327699184417725,-0.9451078176498413,1.9961522817611694,2.619079113006592,3.2612154483795166,-0.29149332642555237,1.8221056461334229,-2.910717248916626,0.8726850152015686,1.8266053199768066,-2.719265239647939e-07,-1.2774590253829956,-2.0933098793029785,-3.141592502593994,1.4650142210470563e-10,1.2566372156143188,-0.25580811500549316,1.5707966089248657,-3.141592502593994,1.4923574924468994,-1.5707966089248657,-3.141178846359253,-3.0161774158477783,-3.7114162410034623e-08,1.5707967281341553,-1.5708636045455933,-3.1415927410125732,-1.570796251296997,1.5707964897155762,-1.570796251296997,1.5707944631576538,2.9935574531555176
1.4675706624984741,2.3540172576904297,3.31575083732605,0.0185927152633667,0.9618632197380066,-3.980224609375,1.5707964897155762,-0.8437873721122742,-6.133629715243671e-10,3.24643334437269e-09,2.941741466522217,3.7804322242736816,-4.546131873728321e-11,-3.1415927410125732,1.0850376597204558e-08,-6.89206700599243e-08,-1.6062760010981947e-09,2.682793764918756e-09,-2.6223833560943604,-1.5707964897155762,2.1171460151672363,1.2774591445922852,-1.5707967281341553,1.5707966089248657,3.141592502593994,-2.5132741928100586,-3.1415929794311523,1.80478014755181e-08,-1.570796251296997,-1.5707963705062866,-1.5707958936691284,-3.1415929794311523,1.5707961320877075,-3.141592502593994,4.339273929595947,-1.5707963705062866,-4.71238899230957,-2.768477439880371,-1.5707968473434448,1.570797085762024,1.5707958936691284,-1.5707961320877075
-0.1630634218454361,0.4708034098148346,-1.1209640502929688,0.01230632234364748,-0.9618632197380066,-2.388134479522705,-1.570799469947815,2.531362295150757,-2.526154563309291e-10,-1.3950737714767456,2.941741466522217,-3.7804322242736816,3.354020880474984e-11,-3.141592502593994,2.975461483001709,-1.4593961238861084,-5.162771099520569e-09,3.141592264175415,0.8741278648376465,-1.588630199432373,-5.631997090915775e-09,-1.2774649858474731,-1.5707961320877075,-1.5707975625991821,-4.922476648516749e-09,2.5132741928100586,-5.477962528033231e-09,-4.249769702813211e-10,-1.570796012878418,-1.5707963705062866,-1.5707963705062866,5.506123557097453e-09,1.570796012878418,-3.141592502593994,-0.9760280847549438,-1.5707968473434448,1.5707964897155762,-2.5468242168426514,-1.570796251296997,1.5707969665527344,-4.712294101715088,-1.5707964897155762
-0.8153170347213745,-1.883213758468628,-8.140160900893534e-08,5.1380566219449975e-06,1.9237263202667236,-3.1841795444488525,-3.141603708267212,1.8164695501327515,-1.0157063007354736,2.790146589279175,0.7354350090026855,-2.825881242752075,-0.33068451285362244,-0.1507495939731598,1.1551673412322998,1.4593966007232666,0.3020554780960083,2.886246681213379,-0.8741400241851807,-3.141537666320801,2.1061604022979736,1.2307058341320953e-06,-3.1415939331054688,2.6185336537309922e-05,-1.5708242654800415,-1.2565892934799194,-1.5708235502243042,1.570796012878418,1.0479221401737959e-07,-1.3767979145050049,1.5710357427597046,1.5706738233566284,-0.2738332152366638,4.712387561798096,1.5657941102981567,-3.141585111618042,3.141592025756836,-1.5702415704727173,-1.570793867111206,2.013268232345581,1.570809006690979,0.3417377471923828
-1.4675707817077637,1.8868093490600586,1.036607027053833,-1.491227388381958,1.4853216612209508e-07,-0.3343561291694641,2.9081830978393555,-1.6875747442245483,-2.0745344161987305,1.3950738906860352,-2.941741704940796,8.015648115687526e-15,-1.9944838285446167,3.141592502593994,0.7438651919364929,-2.1890945434570312,2.7321317195892334,1.804206371307373,2.6223838329315186,-3.1415927410125732,2.1171457767486572,-2.5549182891845703,8.92077665071156e-08,1.570796012878418,-4.712390899658203,0.26423534750938416,3.3981332778930664,-3.141592025756836,-1.5707966089248657,3.1415929794311523,-4.712391376495361,-1.5707963705062866,-1.5707968473434448,-1.570796251296997,1.570796251296997,-2.790141436035537e-13,1.5707966089248657,-5.8120090073998654e-08,1.5707966089248657,1.8163237571716309,5.112690928399388e-07,-1.5707964897155762
0.1630634218454361,1.883213758468628,2.2419261932373047,1.491227388381958,1.9237263202667236,1.5920898914337158,-9.626594660305798e-11,-3.3905997276306152,3.1109917163848877,0.030470572412014008,-2.9417412281036377,2.8353240489959717,-0.19505329430103302,-1.5705879926681519,3.7193267345428467,-3.6484897136688232,-0.7742274403572083,4.7063469886779785,-2.8250603675842285,-1.5707969665527344,1.65028407606016e-11,7.245915867315489e-07,1.463582380289985e-11,-1.9895543346137856e-07,-0.18852175772190094,2.8365084503434446e-08,-3.3572894898165062e-12,-1.570796251296997,-7.813509561582777e-11,-3.1415927410125732,-1.5707963705062866,-3.141592502593994,-1.570796251296997,4.712388515472412,1.570796251296997,1.5707916021347046,1.5707963705062866,-3.5458991527557373,2.7395477445679717e-05,1.5707967281341553,-1.5707961320877075,-1.5707963705062866
3.0982167720794678,1.8832132816314697,-1.08454833025462e-06,1.491227388381958,3.8474526405334473,-3.1841800212860107,-6.94205937179504e-08,-1.5050374269485474,1.051706314086914,-3.488363742828369,2.586175105534494e-05,0.9450514912605286,0.9972397685050964,1.5709820985794067,-0.7438744306564331,-0.7297161817550659,-2.3226802349090576,-1.5709363222122192,1.748266339302063,0.0123891681432724,-2.117161989212036,-4.047514812555164e-05,7.508485578000546e-05,3.1417429447174072,-8.080675115706981e-07,2.513267755508423,4.905821811007627e-07,1.570797085762024,-3.141592264175415,3.1415982246398926,1.5707985162734985,1.5519607067108154,1.5707967281341553,-1.5707565546035767,1.5708273649215698,-1.5707957744598389,-1.5707957744598389,-3.1887803077697754,2.354471445083618,1.5713045597076416,-1.3781408071517944,-1.5708969831466675
-1.8470091819763184,2.8248205184936523,4.42769193649292,0.745613694190979,-0.9618632197380066,-0.7958512902259827,1.5707961320877075,-1.2656811475753784,-3.1633267402648926,1.3950738906860352,4.412609100341797,-0.9451080560684204,-0.9972419142723083,1.570780634880066,-1.487730622291565,-1.459396481513977,3.096909523010254,-3.1415934562683105,9.017832054009078e-13,3.034813289559679e-08,2.1171464920043945,-3.8323748111724854,3.1415786743164062,1.813721262067247e-08,-3.1415927410125732,0.001531734480522573,-0.0015381784178316593,1.372719212605622e-13,-3.1415927410125732,1.570796251296997,1.5707966089248657,1.570796251296997,1.570796251296997,0.5040117502212524,1.5707963705062866,1.5707964897155762,-4.709697246551514,1.7430576086044312,1.066784381866455,-1.5707963705062866,-1.3476749658584595,1.5707961320877075
2.772078275680542,2.8248205184936523,-2.2419261932373047,-1.491227388381958,1.9237265586853027,-3.1841797828674316,-3.1415927410125732,-0.4807034730911255,-1.0372673273086548,-2.0926101207733154,0.004102813545614481,-2.835319995880127,-2.9917244911193848,1.571038842201233,-0.7438653111457825,2.182663917541504,0.7743900418281555,1.5650840997695923,1.7482576370239258,-3.7178767797740875e-06,2.1171457767486572,-2.5438578128814697,-3.1417245864868164,-3.141575813293457,-3.1415934562683105,2.5135364532470703,0.0005534435040317476,1.570796251296997,-1.4543297766067553e-07,5.626434429473193e-08,4.711939334869385,1.5708022117614746,1.5707961320877075,1.5709948539733887,-1.5707675218582153,-1.570796251296997,1.570386290550232,4.059329509735107,0.013935806229710579,-4.71240234375,-2.228468656539917,1.5707954168319702
0.4891902804374695,-2.824820041656494,2.2419261932373047,-2.982454776763916,3.8474531173706055,4.9687673987431404e-17,-6.15606402117573e-14,2.531362295150757,1.0430656671524048,1.3950738906860352,-1.470870852470398,0.9451485276222229,3.9889674186706543,4.712336540222168,2.231595993041992,0.7296980619430542,-0.7742274403572083,1.5707954168319702,2.6223833560943604,-3.141592502593994,2.1171457767486572,-2.554918050765991,-3.1415929794311523,-6.281862735748291,4.712390899658203,2.5132737159729004,-8.444931864914906e-08,-1.5707963705062866,-3.141592502593994,-3.958405406152591e-18,-1.5707963705062866,1.5707964897155762,-1.570796251296997,1.570796012878418,-1.572622537612915,-2.0208967420505541e-13,-1.5707958936691284,-1.4933911561965942,-1.5707966089248657,1.5707963705062866,-2.8367910385131836,-1.5707885026931763
-0.6522536277770996,-1.4124102592468262,1.3964186473813811e-09,-1.0936237471170784e-09,7.579639769560859e-14,1.5920898914337158,1.504307637657798e-12,-0.4218937158584595,2.0745339393615723,8.067091439301066e-11,2.941741704940796,1.8902161121368408,-1.9944835901260376,-3.1415927410125732,-2.231595993041992,2.907396078109741,3.8711369037628174,1.5707964897155762,2.6223833560943604,1.5694787502288818,-3.0651472471276975e-09,-1.2774567604064941,4.712386131286621,-1.5707968473434448,7.624716857890235e-09,-2.5132739543914795,-3.141592025756836,1.570796251296997,-1.570796251296997,3.1415929794311523,0.0441252663731575,-3.136870861053467,1.570796251296997,1.6970179428366094e-10,0.2211485207080841,-4.706142425537109,-1.5707967281341553,-1.7919448614120483,1.5707963705062866,-1.5707963705062866,-1.5707963705062866,1.5707963705062866
-3.288698434829712,0.9416068196296692,-4.434711933135986,-2.2368407249450684,2.885589599609375,0.7960450649261475,1.5707964897155762,-1.2656811475753784,3.1580686569213867,-1.395073413848877,2.941741943359375,0.9451081156730652,-2.9917261600494385,-1.5707961320877075,-1.487730622291565,1.459396243095398,-3.096909999847412,1.5552702626198817e-13,1.7482556104660034,4.764166661175295e-08,-2.1171460151672363,1.2774587869644165,3.534783488134963e-08,-3.1415934562683105,-2.567662136243598e-07,2.513275384902954,7.510594173254503e-07,3.1415927410125732,2.9243477756533964e-13,1.5707963705062866,1.5707964897155762,1.5707963705062866,-1.570796251296997,-1.964659333229065,-1.5707958936691284,1.5707963705062866,-1.5707978010177612,1.421254277229309,2.747729778289795,1.570796251296997,1.4479143619537354,1.5707964897155762
-1.4675707817077637,-0.9416069388389587,-2.2419261932373047,-3.0706170418159538e-15,-6.810641460519573e-12,1.5920897722244263,-3.1415929794311523,0.8469381928443909,-3.111800193786621,-0.6975370049476624,2.9419305324554443,-4.725541114807129,2.991725444793701,4.712775707244873,-0.7438234686851501,0.7302319407463074,1.3228082656860352,-4.702064037322998,-3.4965109825134277,-9.378539882632514e-14,-2.1171460151672363,-0.0008572993101552129,3.1415581703186035,3.141592264175415,-1.3500456930159999e-07,3.769911050796509,-1.5707972049713135,1.570796251296997,-6.73183966456623e-15,3.142198324203491,1.5707957744598389,-1.5707966089248657,1.5718482732772827,-1.5707604885101318,1.570796251296997,1.5707963705062866,-3.141592502593994,1.5707966089248657,3.0120127201080322,-1.5707075595855713,-1.5707963705062866,-1.5708898305892944
1.4675707817077637,-1.4124102592468262,1.0541856288909912,-1.4914612770080566,-2.885589599609375,2.388134717941284,-1.5707961320877075,0.843787431716919,2.0745339393615723,-1.3950737714767456,-1.2748725408684436e-09,-1.8902162313461304,-1.9944838285446167,-2.2546010197688204e-11,2.975461483001709,1.4593961238861084,1.5484548807144165,3.1415927410125732,-0.8741278052330017,1.5707954168319702,-2.1171457767486572,-1.2774595022201538,1.5707956552505493,1.5707958936691284,-3.141592502593994,-1.0244789461211212e-09,-1.5212495152461258e-10,3.1415927410125732,-1.5707963705062866,-1.570796251296997,1.5707963705062866,-3.1415934562683105,-1.570796012878418,3.141592025756836,2.646188974380493,4.712386608123779,-4.712390422821045,2.0661990642547607,1.5707963705062866,1.5707961320877075,1.570796251296997,1.5707964897155762
-2.4459502696990967,3.8130687585180567e-07,-2.241922378540039,1.491227149963379,-1.923727035522461,-1.5920897722244263,3.1415841579437256,0.00417549442499876,-1.0372439622879028,0.6975218653678894,0.7354385256767273,-2.8354506492614746,-0.99724942445755,1.5896893739700317,-2.231597661972046,3.225205318813096e-06,-2.322445869445801,1.5827744007110596,-3.496516466140747,-5.3423169447341934e-05,-2.1171445846557617,-2.5549187660217285,3.141608715057373,3.1414594650268555,-3.141496181488037,2.512986898422241,0.00028988535632379353,1.5707987546920776,-3.860710421577096e-05,-3.1416561603546143,-1.5721435546875,-1.5707919597625732,1.5697904825210571,-1.5707964897155762,-1.570863127708435,-1.5708088874816895,1.570886254310608,-2.807590961456299,1.1479344367980957,-1.5050162076950073,0.18394504487514496,-1.570340871810913
-0.8153170347213745,-1.778582215309143,3.362856388092041,5.8700573291048386e-09,-1.613567057745513e-08,2.849822998046875,2.359485149383545,9.178348392424596e-08,2.0745344161987305,8.43641684289409e-11,1.4708707332611084,-1.8902162313461304,-1.9944838285446167,-3.1415927410125732,0.7438653111457825,0.7296981811523438,3.461690902709961,-2.3529040813446045,-0.8741278648376465,3.141592502593994,-1.2928568215997416e-09,-2.5549185276031494,-3.1415929794311523,-4.712388038635254,-4.69369649887085,2.7774932384490967,0.2565414309501648,-2.5832224537225557e-07,-1.570796251296997,-3.141592502593994,1.570796251296997,-1.570797085762024,-4.712388038635254,-1.5707968473434448,-1.5792185068130493,-4.443608148108069e-09,-1.5707966089248657,-3.13498592376709,1.570796012878418,2.6682748794555664,-3.1415915489196777,1.570800542831421
-2.445955276489258,-1.4124102592468262,-1.182798981666565,1.475231409072876,2.885590076446533,3.980224847793579,1.5708074569702148,2.531362295150757,5.303141814572143e-10,2.171754154289829e-08,5.164103811239329e-08,1.8902161121368408,1.9944838285446167,1.6217668874496383e-10,-6.192227841594899e-10,1.459396243095398,-3.096909761428833,-3.141592502593994,2.622382879257202,1.5707961320877075,-3.561848700428527e-07,-1.2774596214294434,1.5707967281341553,1.5707963705062866,-2.1032297681244927e-08,-4.404049747108729e-08,-3.575095419705576e-08,-3.952912308591294e-08,1.5707963705062866,-1.5707964897155762,-1.5707941055297852,-3.1415932178497314,1.5707963705062866,-3.1415927410125732,0.6516478061676025,1.5707964897155762,-1.5707963705062866,-0.9191491603851318,-1.5707939863204956,1.570794701576233,1.570794701576233,1.5708037614822388
2.119824171066284,3.766427516937256,1.7999603585394652e-08,-1.4912272691726685,3.8474531173706055,1.592090129852295,6.84381916471466e-07,-2.3263368606567383,1.0372669696807861,-2.0925562381744385,-2.941741943359375,-2.8345885276794434,-0.9972259998321533,-1.57080078125,-0.7438656687736511,2.1890952587127686,2.322638750076294,1.5598286390304565,-1.7482545375823975,-3.1418044567108154,2.1171460151672363,-2.554919481277466,3.141592264175415,-0.006837337277829647,3.141580581665039,-2.5123655796051025,0.00026187420007772744,-1.5707964897155762,4.197409850803524e-07,-2.0897557817534107e-07,-1.5707955360412598,-1.570894718170166,-1.570796251296997,1.5707964897155762,-4.703041076660156,1.5707957744598389,1.5689817667007446,1.2791411876678467,0.03607424348592758,-1.5708260536193848,2.798126220703125,-1.5709196329116821
2.772078037261963,1.4124101400375366,-3.296271800994873,-2.9880101680755615,0.9618632793426514,-0.7960449457168579,1.5707969665527344,1.6875747442245483,-2.0745339393615723,-1.3950738906860352,-2.941741466522217,-1.8902161121368408,1.9944838285446167,3.1415915489196777,-2.975461483001709,-2.918792486190796,-1.548454761505127,-9.97383686057729e-12,2.6223833560943604,1.570759892463684,1.1339951200284304e-08,-1.277458906173706,-1.5707963705062866,-1.570796251296997,3.1415927410125732,-2.5132741928100586,-3.1415934562683105,-3.141592502593994,-1.5707963705062866,-1.5707961320877075,-4.712385177612305,-3.1415927410125732,1.570796012878418,-3.1415929794311523,-0.09246368706226349,-1.5707963705062866,1.5707963705062866,-1.4783326387405396,1.5707963705062866,1.570796251296997,-1.5707963705062866,1.5707966089248657
-1.4675707817077637,-1.8832136392593384,-6.464354052049259e-10,5.1110188997727235e-11,1.9237265586853027,-3.1841797828674316,3.1415927410125732,0.8668336868286133,-1.019648790359497,2.093092918395996,-0.002588940318673849,-2.835325241088867,0.9972219467163086,-1.9654031991958618,1.7731351852416992,1.1679871082305908,1.822045922279358,0.23036538064479828,-0.0018324210541322827,-3.141592502593994,2.1171467304229736,1.2774559259414673,-0.3946068286895752,-5.5531906926597346e-14,3.1199381282931427e-06,-3.769911289215088,1.5707964897155762,1.570796012878418,-5.412252012357321e-16,-1.504329800605774,1.5707975625991821,1.571328043937683,0.10530895739793777,-3.1415913105010986,-4.7123918533325195,-1.5688072443008423,4.449060460727473e-15,-1.5707963705062866,1.5707985162734985,1.5707958936691284,1.570796012878418,0.11856284737586975
3.4243319034576416,-1.883213758468628,2.2419261932373047,-2.982454776763916,-1.9237264394760132,-3.1841793060302734,-3.1415929794311523,-0.03357434645295143,-1.0372681617736816,-2.0926108360290527,2.941740036010742,-0.94510817527771,-0.9972418546676636,1.5707963705062866,0.7438653707504272,2.1890974044799805,1.8004041910171509,-1.552309274673462,1.3329022330310636e-09,-9.057582417426602e-08,2.1171457767486572,2.5549261569976807,5.030450722642854e-08,1.4734859554721425e-08,4.93598349748936e-07,1.256636619567871,-1.5707964897155762,-1.5707963705062866,-3.1415929794311523,3.1415958404541016,1.5707964897155762,-1.5707961320877075,-4.712393283843994,-4.71239709854126,1.5707961320877075,4.712391376495361,3.1415927410125732,1.5707964897155762,0.6603869199752808,1.5707963705062866,-1.5707969665527344,1.5707968473434448
1.1414438486099243,0.941606879234314,2.241926431655884,-1.4912272691726685,-1.9237265586853027,4.2653374165979585e-09,-3.1415927410125732,-3.246694803237915,-1.0372661352157593,3.487685203552246,0.730461835861206,-2.835325002670288,0.9972418546676636,1.5708531141281128,1.1560732126235962,-0.010264419950544834,-1.850577712059021,3.394925832748413,-3.496511220932007,3.1415915489196777,2.1171462535858154,2.5859146118164062,-2.4459725409542443e-06,2.37704804163753e-14,1.7325399781498163e-08,3.769911050796509,1.570796012878418,1.570796251296997,-3.1415927410125732,-1.3906906843185425,-4.712388515472412,-1.5707967281341553,3.3954758644104004,4.662607669830322,-1.5707963705062866,1.5707963705062866,-3.1415934562683105,-1.570796251296997,-1.7809510231018066,1.5702115297317505,-1.5707967281341553,-0.31700989603996277
-0.8153737187385559,1.8832141160964966,2.2419259548187256,-2.982454776763916,-3.8474528789520264,-3.18418288230896,-3.1415939331054688,0.9726731777191162,1.046205997467041,-2.7908060550689697,-2.206306219100952,2.8352396488189697,3.9968039989471436,-1.3374049663543701,-0.33243292570114136,3.498361422771268e-08,-0.30205196142196655,-0.2551196217536926,-0.8731446862220764,3.141529083251953,9.019943536259234e-05,8.832446951601014e-08,-3.1415932178497314,-2.3195755716187705e-07,-1.5707730054855347,-1.2566226720809937,-1.570796251296997,-1.5707963705062866,-3.1415927410125732,1.3783255815505981,-1.570796012878418,-1.5705723762512207,2.8702211380004883,-1.5707963705062866,-1.570860743522644,0.003959455527365208,-3.1415927410125732,-1.5707955360412598,1.572547435760498,-1.2446900606155396,1.5707741975784302,-2.8029918670654297
1.1414439678192139,-3.2956275939941406,1.1209526062011719,2.299992322921753,-0.9618472456932068,2.388134479522705,1.5699841976165771,-2.531362295150757,2.0745339393615723,-1.602702184300142e-07,1.470870852470398,-1.8902158737182617,1.9944835901260376,-3.142500400543213,-2.975461483001709,1.4593833684921265,3.1601751970811165e-07,-9.304427294409834e-06,-2.6223835945129395,1.570770025253296,3.968589680880541e-06,-1.2774592638015747,1.5707963705062866,-1.5707980394363403,3.1415927410125732,6.3793968365644105e-06,6.031020660657305e-08,3.141592502593994,-1.570796012878418,-1.5708003044128418,1.5124856233596802,3.1415927410125732,-1.5707968473434448,3.1415927410125732,-0.6240836977958679,1.570796251296997,-1.5707954168319702,0.9466907978057861,1.5702612400054932,-1.5708019733428955,1.571338415145874,1.5716077089309692
1.793697476387024,1.8832138776779175,-3.0558203537034423e-12,-1.491227388381958,-4.774776494326227e-12,7.771272340917346e-12,3.9316444544468254e-10,-2.5333948135375977,1.037172794342041,1.3950740098953247,2.941741704940796,-2.834916830062866,1.9929404258728027,1.5482059717178345,2.231595993041992,-0.729698121547699,0.7742273807525635,1.5707967281341553,-0.8741277456283569,-3.1415932178497314,2.1171457767486572,8.038077148331269e-11,3.2711525155271204e-10,-3.14237117767334,4.712391376495361,-2.5132741928100586,3.1415929794311523,1.5707963705062866,3.141592502593994,-3.1415927410125732,1.5707961320877075,-4.712389945983887,1.570796012878418,-1.5707963705062866,1.5707695484161377,-3.141592502593994,1.5707956552505493,3.0907514095306396,-1.5707958936691284,1.5707963705062866,-2.0029890537261963,1.5707964897155762
