1.6718366146087646,1.7195931673049927,-2.405099630355835,-2.7340743002923773e-09,2.809044122695923,2.981390953063965,-1.696284712693341e-08,-0.01248329970985651,2.683502197265625,1.2227901220321655,-1.122255563735962,4.036121845245361,-2.605875015258789,1.2320128679275513,-1.4492560625076294,-1.515611171722412,0.9946568608283997,-1.9491114616394043,3.540138277458027e-05,-2.2213969230651855,-1.461248755455017,0.023910121992230415,3.416665554046631,-4.09928560256958,1.5707961320877075,2.5484564304351807,-1.8021326618489208e-12,-1.5707964897155762,3.1415927410125732,3.141592264175415,1.5707968473434448,-1.6393317909743632e-12,-1.5707957744598389,-4.7123894691467285,-1.570796251296997,-1.5707974433898926,-4.712386608123779,4.712385654449463,1.570796012878418,-1.5707963705062866,1.5707963705062866,-1.7198528051376343
-1.671610713005066,-2.5794503688812256,0.00013751108781434596,-2.618224620819092,2.809044122695923,2.981390953063965,3.141592264175415,1.9374977350234985,0.8944948315620422,-2.3319191932678223,1.1226627826690674,-2.6907479763031006,2.60872483253479,1.4059003591537476,-4.347766876220703,1.515610933303833,0.7816122770309448,-6.285950803430751e-06,-2.356750011444092,0.7404656410217285,-4.38374662399292,-3.1448707580566406,-3.4142236709594727,-1.3764979839324951,1.570796251296997,-5.097024825860899e-14,3.141592502593994,-1.570796012878418,3.141592502593994,-5.698418218411452e-14,1.570796012878418,3.1415927410125732,-1.5707964897155762,1.5707963705062866,-1.5707967281341553,1.3644232749938965,1.5707967281341553,-1.5707966089248657,-4.712389945983887,1.5707963705062866,-1.5707963705062866,-1.5533194541931152
-2.6177046298980713,-2.4252865314483643,-2.405103921890259,1.308396577835083,-1.417069673538208,1.490695595741272,-0.7823007106781006,-0.6084990501403809,-2.6810495853424072,-1.537621021270752,3.304267406463623,1.3453739881515503,3.9130895137786865,0.000760371913202107,4.3477678298950195,4.5468339920043945,-0.7884957194328308,-3.895538091659546,-2.4227261543273926,0.7404657602310181,2.909493923187256,1.5707961320877075,2.2761504650115967,2.7469284534454346,3.141592502593994,-5.829334275486361e-14,6.187816914676042e-14,-2.4630714134943332e-12,-3.725922241809561e-17,-3.1415927410125732,-1.5707964897155762,1.570796251296997,-1.5707963705062866,-1.5707967281341553,1.5707993507385254,4.7123918533325195,1.5707964897155762,1.5707967281341553,-1.5707963705062866,4.712385177612305,1.570796251296997,1.5707957744598389
-0.4559646248817444,-1.7195953130722046,1.2025519609451294,2.6182236671447754,-2.809044122695923,-2.981390953063965,3.141592502593994,0.024962138384580612,-0.8944995999336243,-1.088752269744873,3.3295345306396484,2.6907479763031006,1.3043632507324219,-1.3797199726104736,-1.4492560625076294,-4.54683256149292,2.0615341663360596,1.9491125345230103,-2.3960068225860596,-2.2213971614837646,-1.461248755455017,-1.5707963705062866,-3.342106325021632e-08,-2.7469289302825928,1.5212109088897705,2.5484561920166016,1.1560781696643048e-14,1.5707963705062866,-1.7778268495705738e-19,3.141592502593994,-1.5707963705062866,0.2773110866546631,-1.570796251296997,-1.5707963705062866,-1.5707963705062866,1.5708132982254028,-1.5707961320877075,-1.5707963705062866,1.5707963705062866,1.5707963705062866,1.2982404232025146,4.246387958526611
-0.455965131521225,-7.368055005094881e-14,-2.405103921890259,2.6182239055633545,2.809044122695923,-2.981390953063965,-3.141592502593994,-2.4589321613311768,-4.472502708435059,1.0274841785430908,-1.122221827507019,-2.6510820388793945,-1.0046081797554507e-06,1.3797192573547363,2.40263284467801e-06,-1.331016182899475,-0.20645058155059814,-1.9491113424301147,5.543454218337636e-14,-0.7404659986495972,-2.922497272491455,-2.0945201129052293e-09,-1.1380740404129028,-1.3734643459320068,-1.570796251296997,-1.2742258310317993,0.19489341974258423,1.5707963705062866,-3.1415927410125732,1.5707968473434448,1.5707964897155762,3.141592502593994,-1.570796251296997,-1.0774718790795834e-12,-1.5707967281341553,1.5709254741668701,1.570796012878418,-1.5707963705062866,0.5794598460197449,-1.5707966089248657,1.5707967281341553,1.023983120918274
0.15198871493339539,1.719595193862915,3.6076560020446777,-2.6182239055633545,2.8090438842773438,-2.1726584832452989e-13,-3.141592502593994,-0.9220995903015137,-2.683502435684204,1.003419280052185,3.3666653633117676,-0.6726869940757751,2.608729839324951,-1.5234686136245728,-1.4492558240890503,-4.546656131744385,-1.5196229219436646,1.9491113424301147,-5.872582761333629e-15,-1.4809314012527466,-1.771546659368184e-10,3.9850329423319914e-15,-3.414222478866577,-1.3734639883041382,4.712386608123779,-2.5484561920166016,-3.141592502593994,-4.712387561798096,-3.1415927410125732,-1.5707963705062866,-1.5707964897155762,-4.7023378173957305e-17,-1.5707963705062866,1.570796251296997,1.5707966089248657,-1.5666108131408691,-1.5252805948257446,-1.5694191455841064,0.04924823343753815,1.570796251296997,1.5707964897155762,-3.9954450130462646
-2.279822826385498,2.579392910003662,-3.6950045245731644e-09,-2.618223190307617,-2.809044122695923,2.718584912742017e-09,3.1415927410125732,1.4064768552780151,0.894501268863678,-3.071213483810425,-1.1222190856933594,2.6907477378845215,-1.3043628931045532,4.139148712158203,-1.449256181716919,1.5156121253967285,-0.982695460319519,-1.9491119384765625,2.357198715209961,0.7404657006263733,-1.4612486362457275,1.5707963705062866,2.2761495113372803,-9.802318956531053e-09,4.700623512268066,-2.5484561920166016,2.4862619287576576e-14,1.570796251296997,-3.141592264175415,-3.1415927410125732,-1.5707963705062866,2.0112597942352295,1.570796251296997,-1.570796251296997,1.5707966089248657,4.529750347137451,-4.712387561798096,1.5707963705062866,1.5707968473434448,1.570796251296997,-0.440493643283844,1.5853914022445679
0.8534482717514038,-1.4998435974121094,1.2025519609451294,-3.8991706371307373,-1.4045377969741821,-1.490695595741272,1.6390178203582764,-2.5564160346984863,4.472504615783691,-0.512540340423584,-3.3666646480560303,-2.690767526626587,3.912982702255249,2.7893528938293457,-2.898559093475342,-1.422306776046753,-3.073371171951294,1.9491113424301147,-2.357201337814331,-1.7081867456436157,-7.809095404809341e-05,-2.9428212642669678,2.2761504650115967,-2.7469286918640137,4.789804027715986e-15,-3.8226444721221924,-0.09662675857543945,4.3472790336096176e-14,3.1415929794311523,-1.5697859525680542,-1.5707964897155762,1.5707961320877075,-1.570796251296997,-3.1415960788726807,-1.5707952976226807,1.5707963705062866,-1.5707931518554688,-1.5707963705062866,-4.7118144035339355,-0.012443343177437782,1.5707961320877075,1.5707964897155762
-0.15199600160121918,0.8597967624664307,1.2025513648986816,-2.6182236671447754,2.738799584258572e-13,-2.9813907146453857,-3.1415929794311523,-1.8436534404754639,-7.398450740936369e-09,3.0750045776367188,5.69468681987928e-07,1.3453739881515503,-2.6087265014648438,3.969197988510132,1.4492559432983398,4.546833038330078,0.32429906725883484,2.9236669540405273,-1.1786013841629028,2.2213971614837646,-1.4612488746643066,3.141587495803833,-1.1380749940872192,-4.120388031005859,1.570796012878418,2.5484561920166016,3.141592502593994,1.5707963705062866,3.141592502593994,-3.141592264175415,-1.5707958936691284,-3.1415927410125732,-1.570796251296997,1.5707961320877075,1.5707964897155762,-1.577296495437622,-1.570796251296997,1.5707964897155762,-1.5707956552505493,-1.5707964897155762,4.712389945983887,4.210799694061279
2.2798233032226562,0.8597976565361023,8.880644486453093e-08,-2.6182241439819336,3.161067629875447e-09,-2.9813907146453857,-3.4090683054266435e-10,3.3810315132141113,2.683502435684204,-2.8892364501953125,1.1222217082977295,-2.0180611610412598,2.6087288856506348,-1.2318617105484009,1.451073169708252,1.5137989521026611,-1.6107972860336304,-1.9491115808486938,2.8747705604903473e-11,-2.961862802505493,-2.9224979877471924,-8.884094349070892e-09,3.4142229557037354,-1.3734643459320068,1.570796251296997,-2.548455238342285,3.0183595622901294e-09,-1.5707963705062866,4.100117814709314e-11,1.5707964897155762,-1.5707961320877075,3.101682105599579e-11,-1.5707967281341553,1.5707963705062866,-1.570797324180603,1.5707951784133911,-1.5706470012664795,-1.529528260231018,-2.0439529418945312,1.5707966089248657,-4.710874557495117,1.5840814113616943
-2.8877761363983154,1.7195953130722046,2.405103921890259,-2.6182236671447754,-1.779099320325223e-15,2.9813907146453857,3.1415927410125732,0.26137053966522217,-2.6697049140930176,-3.075617790222168,2.2195351123809814,2.6907479763031006,8.087013156909961e-07,-4.139125347137451,-1.4492563009262085,1.51532781124115,-3.1177971363067627,0.015560307539999485,-1.2059539556503296,0.7404657006263733,1.4612488746643066,3.141592025756836,1.138075828552246,-1.373463749885559,1.5707964897155762,-2.5484561920166016,1.8670461010561468e-11,1.5707963705062866,-2.9563964488237243e-18,3.1415932178497314,-1.5707961320877075,3.141592502593994,1.570796251296997,-1.5707961320877075,-4.71238899230957,-1.569520115852356,-1.5707964897155762,-1.570796012878418,1.5707958936691284,1.5707963705062866,-1.5707958936691284,0.5428176522254944
2.279823064804077,2.579392910003662,2.4051036834716797,2.6182236671447754,-4.394248964700864e-09,-1.6956944000529918e-14,3.141592502593994,2.1515657901763916,-2.683501720428467,-1.58560049533844,3.3666651248931885,0.6726869940757751,-2.6087265014648438,-1.4982192516326904,-1.449264407157898,1.5158460140228271,2.912900924682617,-1.9491115808486938,-2.35720157623291,2.961862802505493,-2.9224977493286133,-3.1415927410125732,-3.4142253398895264,-1.3734643459320068,-1.5707966089248657,-2.5484557151794434,3.141592502593994,1.5707963705062866,3.141592264175415,-1.5707963705062866,4.712387561798096,-6.037239507653642e-16,1.5707967281341553,1.5707964897155762,-4.712387561798096,-1.570896863937378,4.711897850036621,-1.4665166139602661,2.0706539154052734,-1.570796012878418,1.570797324180603,0.2551010251045227
3.051586151123047,0.42989882826805115,3.5575406551361084,1.2109309434890747,-1.4052232503890991,1.4919353723526,-1.7618329524993896,1.2294659614562988,2.683502674102783,-0.5131466388702393,1.1222220659255981,-0.6726869940757751,-2.6087286472320557,-2.6559646129608154,1.449256181716919,1.515613079071045,0.19103661179542542,-8.90515959584004e-14,-5.206552962204458e-14,-2.961862802505493,3.5356620409210393e-10,-3.141592264175415,3.41422700881958,1.3734639883041382,3.1402626037597656,-2.5484559535980225,-3.141592502593994,-3.141592502593994,3.1415774822235107,-1.5707967281341553,-1.5707963705062866,3.1415936946868896,1.5707967281341553,-1.570796251296997,1.5707963705062866,-1.5707976818084717,1.5707976818084717,-1.5707939863204956,-1.7288978099822998,-1.5707963705062866,4.712392807006836,-1.5707956552505493
-0.15198646485805511,0.859797477722168,-1.2025521993637085,3.28336779986671e-09,-2.80904483795166,1.2766063163180408e-13,6.089344140036701e-09,-2.026285171508789,-2.6835062503814697,-0.0923982709646225,1.1222214698791504,-2.6907479763031006,2.6087281703948975,-1.3797175884246826,-1.4492571353912354,1.5156118869781494,-2.0758047103881836,-1.9491162300109863,-2.2417123091145186e-07,2.2213971614837646,1.461248755455017,0.028187954798340797,-1.1380733251571655,1.3484095335006714,1.5707952976226807,2.5484566688537598,3.1415915489196777,1.5707963705062866,3.1415915489196777,-5.63643207628084e-13,-1.5707963705062866,-2.5684127134134593e-12,1.5707961320877075,1.5707963705062866,-1.5707963705062866,1.7096295356750488,1.5707966089248657,-1.570796251296997,1.570796012878418,-1.5707966089248657,-1.5707963705062866,3.281723737716675
-1.9758394956588745,3.4391908645629883,-7.797734014047819e-08,-7.547898972504186e-10,-3.1384534728007285e-12,4.5899580387561215e-14,-3.141592502593994,2.0130069255828857,0.894500732421875,1.887649655342102,1.077613115310669,1.3453741073608398,-2.608729600906372,1.3435176610946655,1.449257254600525,-1.5156115293502808,1.7697995901107788,-2.4891749106359384e-08,0.04708392545580864,2.2213971614837646,-1.4612489938735962,-3.08154034614563,1.1380723714828491,-1.3172833919525146,-1.5707964897155762,-2.5484564304351807,-3.1415939331054688,1.5707964897155762,-3.141592502593994,-3.1415929794311523,1.5707956552505493,-1.475586959478331e-14,1.5707963705062866,1.570796251296997,1.570796251296997,-1.570796251296997,-1.5707964897155762,1.5707961320877075,-1.570796251296997,-1.5707964897155762,1.5707964897155762,3.450802803039551
-0.7599409818649292,-3.43919038772583,2.405103921890259,-2.6182236671447754,5.322804863538977e-09,4.1532985784029e-15,-3.141592502593994,-2.1515657901763916,-2.683501958847046,1.352864146232605,-1.1222217082977295,-2.0180609226226807,8.918895559872908e-07,1.531199336051941,1.4492568969726562,-1.48662269115448,1.5981695652008057,2.4764289350312193e-15,2.3572018146514893,-5.152963474620636e-15,-2.1028313312854152e-07,-8.340707681811499e-14,1.1380741596221924,1.373464822769165,1.5707966089248657,2.5484566688537598,3.141592264175415,-1.570796251296997,3.1415927410125732,1.570797085762024,1.5707963705062866,-3.1415932178497314,1.5707963705062866,1.570796251296997,1.5707958936691284,1.568975806236267,1.5707972049713135,1.5707520246505737,-1.5712741613388062,1.5707967281341553,-4.712387561798096,-1.4010616540908813
1.063915491104126,2.579392910003662,2.405104160308838,6.866419238749089e-11,2.809044122695923,-2.485086416433458e-14,3.1415927410125732,-3.3810317516326904,2.683501958847046,-0.019323479384183884,-1.12222158908844,-0.6726869940757751,-2.6087281703948975,1.3753252029418945,1.4489880800247192,1.5156694650650024,-1.124031901359558,-4.087017318544009e-14,-2.357200860977173,-1.4809314012527466,-4.986006842955248e-07,-3.1415927410125732,-1.138076663017273,-4.120391845703125,1.5707968473434448,2.5484564304351807,-6.883612603536537e-13,-1.5707964897155762,2.2698785198207984e-18,1.570796251296997,1.570796251296997,3.1415929794311523,-1.5707963705062866,1.570796251296997,1.5707961320877075,1.570798397064209,4.61877965927124,-1.5707933902740479,-0.11083796620368958,-1.5707963705062866,1.5707961320877075,-1.816843867301941
3.1917507648468018,2.5793919563293457,-1.8873953422371414e-07,2.6182236671447754,-4.616548520552802e-15,-2.9813907146453857,1.0382703408140515e-07,-1.9864057302474976,-2.683476448059082,-0.15455640852451324,1.1222221851348877,2.6907479763031006,-5.498877158061077e-07,4.252452850341797,1.4492565393447876,1.515611171722412,-2.880038022994995,-1.94913911819458,-5.041017061557795e-07,-0.7404657602310181,1.4612482786178589,6.497414688055869e-06,1.138075590133667,-1.3734697103500366,-1.5707957744598389,1.0528345095696043e-14,3.141592264175415,-1.5707963705062866,3.1416001319885254,3.141592264175415,-1.5707963705062866,3.141592502593994,1.5707964897155762,1.570796251296997,-4.712386608123779,4.635068416595459,1.570796251296997,-1.5707966089248657,1.5707966089248657,-1.5707964897155762,1.5707963705062866,-0.040594249963760376
-1.3678936958312988,-1.7195953130722046,2.405104160308838,-1.3410422772253128e-09,-4.693255506618796e-16,4.279138451728209e-15,3.1415927410125732,2.9375271797180176,-0.8945006728172302,2.1427619457244873,1.1222190856933594,2.6907477378845215,-3.141208537726925e-07,1.2527837753295898,-1.4492559432983398,-1.515611171722412,1.2420501708984375,1.9491113424301147,-2.357198715209961,-0.7404657602310181,-1.4612489938735962,1.8087973785441136e-06,-1.1380747556686401,1.3734625577926636,1.5707955360412598,-1.873669405391687e-14,3.141592502593994,-1.570796251296997,1.1553915693894719e-17,5.6719480999965766e-14,-1.5707956552505493,-3.999033457272929e-17,1.570796251296997,-1.570796012878418,1.5707963705062866,1.5709021091461182,1.5707964897155762,-1.570796251296997,1.5707957744598389,-1.5707967281341553,-1.5707964897155762,0.8931640982627869
-2.583493709564209,3.439345121383667,-2.405121088027954,2.618225574493408,1.0624961847838232e-11,2.9813895225524902,1.2428252205154422e-07,3.3618390560150146,0.8945160508155823,-2.2115471363067627,1.1209068298339844,-2.6907479763031006,1.3043631315231323,1.3829071521759033,1.4492559432983398,-1.5156114101409912,-0.9729648232460022,1.9490948915481567,0.0014105822192505002,-2.2213973999023438,-1.461248755455017,-4.712389945983887,-6.263090313041175e-08,-2.746929407119751,4.560266494750977,2.5484559535980225,-3.1415927410125732,-1.570796251296997,3.1415929794311523,-3.1415927410125732,-1.5707963705062866,0.3332923650741577,1.570793867111206,1.570796012878418,1.5707961320877075,1.701483964920044,-1.570796012878418,1.5707967281341553,-1.5707968473434448,-1.5707956552505493,-1.8670051097869873,1.6638118028640747
-1.3678923845291138,-1.1560630355234025e-06,-2.405103921890259,-1.62444546703e-08,-4.0393125076579415e-15,-2.981390953063965,3.141592502593994,1.871556043624878,-2.6838736534118652,-1.7386418581008911,-1.1206203699111938,1.3453738689422607,2.608727216720581,4.138912677764893,1.4492560625076294,-1.5156118869781494,-0.06379400938749313,1.9486923217773438,0.0016986586851999164,0.7404657006263733,1.4612491130828857,-3.1415913105010986,3.41422438621521,1.3734654188156128,1.570796251296997,-2.5484561920166016,1.282333478768924e-13,-1.5707961320877075,-3.141592502593994,5.763133568460754e-14,-1.570796251296997,-3.141592502593994,-1.5707964897155762,-1.5707968473434448,1.5707957744598389,1.3463108539581299,-1.5707958936691284,-1.570796251296997,-1.570796251296997,-1.570796012878418,-1.5707961320877075,-1.2198981046676636
-1.0639171600341797,1.719595193862915,2.405103921890259,-3.8097797079627085e-14,2.8090438842773438,8.69824745564074e-09,3.141592502593994,3.1548197269439697,-0.8944992423057556,3.075239658355713,3.445148468017578,-1.8925403466596435e-09,-3.91308856010437,-1.3797187805175781,-1.449257493019104,1.5156114101409912,-2.5779125690460205,-1.9491097927093506,-2.275017738342285,-0.7404657006263733,-1.461248755455017,1.5707969665527344,2.276150703430176,2.7469279766082764,-1.5708006620407104,4.4484189010325637e-13,3.141592502593994,-1.5707961320877075,-4.033230044713818e-19,-3.141592502593994,-1.5707963705062866,-2.316587209701538,-1.5707963705062866,-4.712389945983887,1.5707958936691284,-1.5707966089248657,1.5707966089248657,1.5707963705062866,1.5707958936691284,-1.5707963705062866,-0.745790958404541,-2.3949296474456787
-1.6723034381866455,0.04846850037574768,-3.397268772125244,1.403834581375122,-1.2590683698654175,-1.4570249319076538,1.0293110609054565,-2.4589250087738037,-4.728317151148076e-07,2.17971046367893e-05,-2.244443655014038,1.3453737497329712,-7.916008144093212e-06,2.759434938430786,-2.8984782695770264,-3.0312020778656006,8.364004315808415e-05,0.9745572209358215,1.1786017417907715,-0.7391573190689087,-0.15090279281139374,-3.170745849609375,3.414224863052368,-1.3981590270996094,0.03646159544587135,0.0031501830089837313,0.005582199897617102,4.8870829232328106e-06,1.5707954168319702,1.4640085055361851e-06,4.708056449890137,-3.1415064334869385,1.568160891532898,-1.5628212690353394,-1.5707764625549316,1.5142111778259277,-3.622772455215454,1.8334115743637085,-4.7105560302734375,1.5708520412445068,1.570272445678711,3.616706132888794
0.45596519112586975,-2.579392671585083,-3.6076560020446777,-3.562492878472767e-08,2.809044122695923,1.220758283143001e-15,3.1415927410125732,1.308979868888855,-2.6835012435913086,0.0127583472058177,1.1222196817398071,2.6907479763031006,-2.608727216720581,-0.029005389660596848,1.4492563009262085,-4.5468339920043945,-1.6973496675491333,-1.9491121768951416,2.357203722000122,0.7404657006263733,-4.38374662399292,3.1728622913360596,3.41422438621521,1.4038697481155396,-1.5707967281341553,-2.6434200829780416e-14,-3.1415927410125732,1.5707963705062866,-4.595991259224789e-18,-7.805030832253902e-15,1.5707964897155762,3.1415936946868896,1.5707961320877075,1.5707957744598389,-4.712388515472412,3.0532894134521484,-1.570796251296997,1.5707963705062866,1.5707961320877075,-1.5707964897155762,-1.5707966089248657,-1.5746548175811768
1.6289597749710083,-1.0795116424560547,1.2921016478983915e-09,-1.201612949371338,-1.4045220613479614,-1.4906954765319824,-3.7203004360198975,-1.132010579109192,0.8945006728172302,-2.56270170211792,3.3666653633117676,2.4946582317352295,-1.3043632507324219,-5.405484676361084,2.898510694503784,-1.4782675504684448,4.133681297302246,1.9491113424301147,3.6814920889582936e-08,2.7344002723693848,-2.9224977493286133,0.19897323846817017,-2.276150703430176,-2.297074308543756e-09,-2.211478087921258e-15,-1.2742292881011963,0.039769914001226425,-3.1415927410125732,1.9496690051266715e-17,1.5707968473434448,1.5707958936691284,-1.570796251296997,1.570796012878418,-3.1415934562683105,1.570794939994812,-1.570796251296997,1.5707955360412598,1.570796012878418,1.570794939994812,1.5421377383972867e-06,-1.5707961320877075,-1.5707958936691284
1.6718758344650269,-3.43919038772583,-1.2025518417358398,-4.51297132997297e-09,2.809044122695923,-2.981391191482544,3.5441391332824423e-07,-2.464097738265991,0.9083774089813232,2.0691215991973877,-1.1222213506698608,-1.3453739881515503,-1.3043633699417114,1.4449522495269775,-1.4492558240890503,1.5156118869781494,1.4937270879745483,3.8830137252807617,2.357201337814331,2.2213971614837646,-1.461248755455017,-1.5707968473434448,2.2761497497558594,2.7469282150268555,1.6323083639144897,3.6802252911805056e-10,-3.1415932178497314,1.5707958936691284,-3.1415934562683105,-3.141592502593994,1.5707963705062866,-1.426153302192688,1.5707966089248657,-1.5707958936691284,-4.712386608123779,-1.5662857294082642,-1.5707964897155762,-1.5707969665527344,1.570796251296997,1.5707967281341553,2.996678113937378,2.4360101222991943
-0.759940505027771,-0.8597976565361023,2.4051036834716797,-2.6182236671447754,-2.801883169922803e-09,2.981390953063965,-3.141592502593994,3.3810319900512695,-0.8945006132125854,2.350088357925415,-1.122221827507019,2.0180609226226807,5.5241453082999215e-06,-1.419331431388855,-1.4492560625076294,-1.5156116485595703,-0.618053138256073,-1.9491112232208252,2.357201337814331,1.4809315204620361,2.922496795654297,-3.7085083810263486e-13,-3.414219617843628,-1.3734650611877441,1.5707958936691284,-2.5484557151794434,3.141592502593994,-1.5707963705062866,-3.1415886878967285,4.712386608123779,1.5707963705062866,-5.1737851061811434e-17,1.5707963705062866,1.5707963705062866,-1.570796251296997,-1.7631378173828125,-1.5707950592041016,1.5661187171936035,1.5708774328231812,1.570796251296997,1.5707954168319702,-0.8519458770751953
2.8877758979797363,3.4460964570826036e-07,2.4223846040172248e-08,-1.1923603215890921e-09,-2.809044122695923,-2.981390953063965,-3.864199626946174e-09,0.8388556838035583,0.8929260969161987,1.0358208417892456,1.1319782733917236,-1.3453739881515503,-1.3043627738952637,-1.2756398916244507,1.449256420135498,-4.546833038330078,-2.235536575317383,1.9507062435150146,2.3469150066375732,-3.7023284435272217,1.4612493515014648,1.569563388824463,-2.2761504650115967,2.7475953102111816,-1.5499727725982666,-2.5484559535980225,1.3846513345627809e-11,-1.570796251296997,3.141592502593994,-3.141592025756836,-1.5707963705062866,2.419740676879883,-1.5707964897155762,-1.5707957744598389,1.5707964897155762,-4.650846481323242,-1.570796251296997,1.5707963705062866,-1.5707963705062866,-1.5707838535308838,-3.990779399871826,-1.5623201131820679
-1.9756290912628174,-1.7195950746536255,-1.2023385763168335,6.584365564776817e-06,-2.8090429306030273,2.981390953063965,3.141592264175415,-0.3073665499687195,-0.8945006728172302,-1.7421633005142212,1.12222158908844,-2.0180609226226807,-9.161061598206288e-07,-1.3797168731689453,1.4492558240890503,-1.5952444076538086,2.5909855365753174,-1.1236580259597938e-15,-2.35720157623291,-1.4809314012527466,2.9224979877471924,7.44725713846525e-16,-1.138074278831482,-1.3734643459320068,1.5707964897155762,2.5484561920166016,-2.4012090094061023e-09,-1.5707963705062866,3.1415927410125732,-1.5707963705062866,-1.570796251296997,-3.1415927410125732,-1.570796251296997,1.5707961320877075,-1.5707961320877075,1.7889158725738525,1.5686054229736328,-1.5707948207855225,2.762836456298828,-1.5707963705062866,-1.5707966089248657,1.6797723770141602
-1.9782627820968628,0.8597974181175232,0.9583022594451904,-1.3091120719909668,4.213566780090332,1.4906951189041138,1.183333396911621,2.1515650749206543,-4.472446441650391,-2.3105087280273438,-1.1222217082977295,3.3634347915649414,-1.3043264150619507,2.3512932045832713e-07,-1.449256181716919,1.515610933303833,0.387462854385376,1.9491113424301147,8.156851305507473e-10,2.9618630409240723,-2.4116133894545866e-13,-1.3194855874587574e-08,2.2761497497558594,2.420839548110962,3.141592502593994,9.398510615599154e-12,-2.747258642799011e-09,7.091126476836034e-15,-1.1283001476755736e-14,1.5707964897155762,-1.5155060291290283,1.5613917112350464,1.7457610368728638,1.5707963705062866,-1.5707957744598389,1.5707975625991821,1.5707964897155762,4.71238899230957,1.5707963705062866,-0.03446490690112114,1.570796251296997,-1.5707963705062866
0.15199141204357147,-3.439192295074463,-1.2025519609451294,7.205487317918369e-10,-2.8090474605560303,2.981390953063965,6.410236230713906e-10,-1.6196597814559937,-2.6835057735443115,3.302706003189087,-3.3665847778320312,2.6907482147216797,2.6087255477905273,-4.041950225830078,-4.347766399383545,-1.515611171722412,2.796359062194824,1.949107050895691,8.43945745145902e-05,-2.2213971614837646,1.4612489938735962,-3.179187059402466,1.1380743980407715,-1.3420872688293457,1.5707957744598389,-2.5484564304351807,-3.869942764140287e-15,-1.5707963705062866,3.1415927410125732,-1.8044314076238153e-14,-1.5707963705062866,-2.1957531279315212e-11,1.5707961320877075,1.570796012878418,1.5707964897155762,-1.5715515613555908,-1.570796251296997,-1.5707972049713135,1.5707963705062866,-1.5707963705062866,-4.712388515472412,1.9562076330184937
-3.191777467727661,2.5793673992156982,-1.2025521993637085,2.6182236671447754,-2.8090438842773438,-2.981391429901123,-3.141592502593994,-1.8367124795913696,-0.8945002555847168,-2.0202291011810303,-1.1151167154312134,-2.6907474994659424,-1.3043631315231323,-1.3637229204177856,-1.4492560625076294,1.5156110525131226,3.3508176803588867,1.949110746383667,-0.00759978499263525,-2.2213971614837646,-1.4612492322921753,-4.712386131286621,-8.88069706661554e-08,-6.75607395805855e-07,1.4832600355148315,5.625211447769221e-15,-6.963042389716975e-15,1.5707961320877075,-5.926198186654483e-18,-7.817678675282744e-17,-1.5707964897155762,-1.128075361251831,1.570796251296997,-1.5707966089248657,-4.712390899658203,1.5707927942276,1.5707966089248657,-1.5707963705062866,-1.5707963705062866,-1.570796251296997,2.6971962451934814,-1.787688970565796
-2.583799362182617,-0.8597975373268127,-1.2025518417358398,-9.755000140998504e-10,-9.765649524933959e-15,2.9813907146453857,-3.141592502593994,-2.9116406440734863,-2.683382749557495,0.4918038845062256,3.3664541244506836,1.3453739881515503,-2.608751058578491,1.380556344985962,1.449256420135498,1.5156114101409912,-2.6417055130004883,-1.9492418766021729,2.3574225902557373,-3.702328681945801,4.383748531341553,-3.0983076095581055,1.1380552053451538,-1.3363112211227417,1.570796251296997,-2.5484559535980225,1.645424858105933e-14,-1.5707963705062866,-3.141592502593994,3.1415929794311523,-1.5707964897155762,3.1246321211041237e-15,1.5707958936691284,-1.5707961320877075,1.5707963705062866,-1.6235668659210205,-1.5707963705062866,1.5707964897155762,-1.5707967281341553,-1.5707963705062866,1.5707966089248657,0.9454385638237
-1.0639175176620483,4.849191625230353e-15,9.8104138146482e-09,2.6182239055633545,2.8090438842773438,-4.1896248568953215e-15,3.1415927410125732,0.6147329807281494,4.472504138946533,3.0905802249908447,1.122221827507019,0.053071025758981705,-2.6076908111572266,1.2695748805999756,2.8974738121032715,1.4275951385498047,3.471789598464966,1.9491113424301147,-2.35720157623291,2.2213969230651855,2.6508905648370273e-07,9.859783345680939e-14,-1.137144684791565,-1.3734642267227173,-1.5707966089248657,1.2750632762908936,0.09223680198192596,-1.5707964897155762,-3.1415927410125732,1.5707968473434448,-1.5707966089248657,-1.244265565011676e-14,-1.5707966089248657,3.141592264175415,-1.5707961320877075,1.570797324180603,-1.5707966089248657,1.5707964897155762,3.349520206451416,1.5707967281341553,1.5707964897155762,1.5633689165115356
3.191746711730957,1.7195953130722046,-3.607656240463257,-1.3156025158167495e-09,-2.809044122695923,2.9813907146453857,8.3985076670956e-09,-2.766298770904541,2.683501958847046,-0.16506022214889526,1.12222158908844,-2.0180609226226807,3.919051170349121,-1.5629528760910034,-1.4486995935440063,-1.4373184442520142,0.9961354732513428,-3.8982222080230713,-2.357201099395752,2.961862802505493,-2.9224979877471924,-3.141592502593994,-0.004959976300597191,-1.3734642267227173,-4.7123870849609375,2.5484566688537598,3.4566505213717846e-09,1.570796251296997,-1.5439788320469526e-18,1.5707963705062866,1.570796251296997,2.9107559385010973e-06,1.5707963705062866,1.5707966089248657,1.5707963705062866,-1.570797324180603,1.5707967281341553,1.5783699750900269,-1.1093100309371948,-1.5707966089248657,-4.71238899230957,-1.6743301153182983
1.0639175176620483,-1.7195953130722046,1.2025519609451294,-2.618224859237671,-1.9464372336130964e-09,2.981391191482544,5.215572765338017e-11,-2.4589316844940186,2.683501958847046,0.3404932916164398,1.122221827507019,-2.297473430633545,-8.707926824058632e-09,-4.061102390289307,2.903447389602661,-1.7945375442504883,-1.5559146404266357,1.9491112232208252,2.3572006225585938,-3.7023305892944336,2.9225008487701416,3.141592502593994,-3.4142251014709473,-4.120392799377441,-1.570797085762024,1.2786226272583008,-3.429990291595459,-1.5707963705062866,1.0292231476805025e-11,-1.5707961320877075,-1.5707967281341553,3.1415932178497314,1.570796251296997,-3.141592502593994,1.5707964897155762,-1.5707954168319702,-1.5707963705062866,-1.5707963705062866,3.180060386657715,4.712385654449463,1.5707958936691284,1.5708087682724
0.7599637508392334,-2.5793755054473877,-3.607644557952881,-0.018306439742445946,-2.809044122695923,-2.981390953063965,3.3809447288513184,-1.229473352432251,-2.8694627118852623e-08,9.017344382300507e-06,2.244443416595459,1.345369815826416,-1.7333113646600395e-06,-2.6716582775115967,2.8980696201324463,3.031221866607666,2.281968116760254,0.9745556116104126,1.1786009073257446,0.26483315229415894,1.4612488746643066,0.03477667272090912,-3.4142282009124756,4.089233875274658,1.5707987546920776,-1.2737230062484741,1.570796012878418,1.3663312196731567,-0.31621620059013367,3.1415929794311523,1.5707964897155762,-3.1415932178497314,-1.570873498916626,1.7531905882606225e-07,1.5707950592041016,-1.6457433700561523,-1.5707963705062866,1.5707963705062866,-1.5658316612243652,-1.5697276592254639,4.712386608123779,0.3353158235549927
-2.5839521884918213,3.4390652179718018,-2.405153751373291,1.382231147317725e-07,2.8090438842773438,2.981390953063965,-3.141592264175415,2.4624202251434326,0.8945007920265198,2.202505588531494,1.1222212314605713,2.6907479763031006,-2.608344554901123,-4.080923557281494,-4.347765922546387,1.515610694885254,-2.063666582107544,-9.277628976178676e-08,2.3572020530700684,2.2213971614837646,1.4612489938735962,-3.1415956020355225,3.413867235183716,-1.3734619617462158,1.570797085762024,2.5484564304351807,-3.141592264175415,-4.712388515472412,-3.1415927410125732,3.1415927410125732,1.5707961320877075,-3.1415927410125732,-1.5707972049713135,-1.5707964897155762,1.5707963705062866,-1.4208793640136719,4.712388038635254,-1.5707963705062866,-1.5707969665527344,-4.712388038635254,-1.5707964897155762,1.0601199865341187
2.0762810707092285,2.579746961593628,-2.405103921890259,-3.899432420730591,1.4045220613479614,1.4906957149505615,1.5594757795333862,-3.3814547061920166,-0.894500732421875,1.537621021270752,1.1222217082977295,0.6724152565002441,-1.3043638467788696,-0.029395082965493202,1.4492584466934204,1.5177363157272339,0.011320549063384533,-1.9491113424301147,2.35720157623291,2.962217330932617,-2.9224984645843506,3.13567852973938,2.2761497497558594,3.599605280513174e-09,-3.141592502593994,2.548461675643921,3.1430201530456543,3.1415927410125732,-3.1417739391326904,-1.570980191230774,1.5707951784133911,-1.5707963705062866,-1.570796251296997,-1.587945580482483,-1.5707972049713135,1.5707966089248657,-1.5707955360412598,-1.5718803405761719,4.71238899230957,-0.013634954579174519,-1.570796251296997,1.5707964897155762
-0.7599436640739441,-1.0612207915983163e-05,1.202552080154419,-2.6182236671447754,-3.541759001693661e-15,1.4126013070381305e-07,1.2898038193043249e-09,-3.6588332653045654,0.8945010304450989,1.0252323150634766,-1.112586498260498,-2.6907479763031006,1.3043631315231323,-1.4688663482666016,1.4492560625076294,-4.546830654144287,-1.9083360433578491,1.9491108655929565,2.347020387649536,2.2213971614837646,-1.4612489938735962,1.570796251296997,2.276150703430176,-1.521380532665262e-08,-1.5703357458114624,-2.5484564304351807,3.141592025756836,1.570796251296997,-1.0690797392448712e-17,-5.4417456334062664e-17,-4.71238899230957,-1.9368098974227905,-1.5707966089248657,1.5707964897155762,1.5707964897155762,1.491795539855957,1.5707966089248657,1.570796251296997,1.570796251296997,4.712392330169678,-0.36601361632347107,4.030533790588379
2.2795777320861816,3.5342557430267334,-2.9762980937957764,-1.3090391159057617,-1.2705692052841187,-1.4906953573226929,-1.5680760145187378,1.2295997142791748,-1.4029407843785258e-11,2.050161361694336,-2.244443416595459,2.6907501220703125,-2.6087276935577393,-2.759434223175049,5.510003803048391e-13,3.031222105026245,-3.141592502593994,-0.9745556712150574,1.178600549697876,-2.4715139865875244,0.13762971758842468,-1.5707963705062866,-2.216447353363037,2.7469286918640137,3.141592502593994,-1.2742280960083008,1.5707966089248657,-3.141592502593994,1.5707963705062866,-3.2810219809553e-19,1.570797324180603,-1.5579805374145508,1.5707958936691284,-3.255096794321441e-15,3.302482843399048,1.5621753931045532,1.5707961320877075,1.570796012878418,-1.570796251296997,-1.5707964897155762,1.5707958936691284,1.5740817785263062
1.8077367544174194,0.42989882826805115,-1.2025519609451294,-1.2940032482147217,1.3961931467056274,1.4906951189041138,0.6178140640258789,1.2294660806655884,-2.683502435684204,-0.5125404000282288,-3.3666648864746094,3.3634350299835205,-1.3043636083602905,-0.016066864132881165,4.347766399383545,-1.5820698738098145,0.952982485294342,-1.9491115808486938,-2.35720157623291,-2.961862802505493,2.922497510910034,-5.353472332103593e-09,3.879301800581089e-14,-2.7469286918640137,-5.489197438197967e-15,2.5484554767608643,-4.710968060095411e-09,-3.1415927410125732,-3.141591787338257,-1.5707964897155762,-1.5707963705062866,-1.570796251296997,-1.5707963705062866,-1.570796012878418,1.5707954168319702,-1.5707958936691284,-1.578480839729309,-1.570783257484436,4.54607629776001,-2.961883544921875,1.5707964897155762,1.5707955360412598
-2.2620158195495605,-3.009291887283325,5.183449502510484e-06,-1.3091117143630981,1.3702560663223267,-1.4906954765319824,-1.3528835773468018,-2.4589321613311768,2.683502197265625,-2.562701463699341,-3.3666653633117676,-2.0180609226226807,-1.3043625354766846,-1.6227028254434117e-07,1.4492796659469604,-1.6958372592926025,-0.2179127037525177,1.9491113424301147,1.0292742881417259e-14,2.961862802505493,6.11228512248374e-10,-3.1415927410125732,-2.2761495113372803,2.7469284534454346,-8.329821953186566e-15,1.5062113015162915e-11,-3.1415932178497314,-7.592964804843119e-17,-1.6156142323294994e-16,-1.570796251296997,-1.570796012878418,1.5707961320877075,-1.5707963705062866,1.570796251296997,1.5707958936691284,1.570796012878418,-4.712395191192627,4.707876682281494,-1.5707961320877075,1.6086894273757935,-4.7123847007751465,1.5707961320877075
-2.8879928588867188,0.8070334196090698,-0.6013271808624268,3.9273183345794678,-1.255035400390625,-1.4906952381134033,2.6424379348754883,3.0736582279205322,-3.578002691268921,3.075242042541504,2.24444317817688,1.3453739881515503,2.6087288856506348,2.759434461593628,-2.898513078689575,-3.031231164932251,5.215736678110261e-07,-0.9745556712150574,1.1786010265350342,-2.2213971614837646,-2.767465829849243,-1.5707956552505493,2.2762527465820312,2.7469289302825928,-3.1415908336639404,2.5484557151794434,3.1415934562683105,-1.1349751802284993e-16,-1.5707963705062866,3.141592502593994,-1.570796012878418,-1.5708365440368652,-1.570796012878418,-1.5707955360412598,-3.4104971885681152,-1.5707721710205078,1.2030296325683594,-1.134217381477356,-1.5707967281341553,1.5707961320877075,-1.5707964897155762,-2.16586971282959
1.9758052825927734,3.439190626144409,-2.405097484588623,2.1498204105796503e-08,2.809044122695923,8.056158279541592e-13,-9.570125257596374e-06,-2.766298770904541,-0.8945006728172302,-1.6836432218551636,-3.3666646480560303,-2.0180609226226807,-1.1449382100181538e-06,4.139145851135254,1.4414135217666626,4.507950782775879,1.5767476558685303,-3.307879440671356e-15,2.357201099395752,-1.4809314012527466,-8.626427927538316e-08,1.3132829954000825e-14,-1.1380760669708252,-1.3734642267227173,4.712390422821045,-2.5484561920166016,-3.1415929794311523,1.5707963705062866,-3.649185854435874e-19,-1.570796012878418,1.570796012878418,-3.1415927410125732,1.5707963705062866,1.5707963705062866,-1.5707963705062866,4.650999069213867,4.652448654174805,-1.5684421062469482,-1.6284679174423218,-1.5707961320877075,-1.5707972049713135,-1.1088515520095825
-0.151988223195076,1.7195953130722046,2.405103921890259,1.9078347790468797e-09,-2.8090438842773438,5.164401807540358e-15,-5.812755277112558e-10,-3.3810250759124756,-2.683501720428467,2.017895221710205,-3.3666651248931885,-2.0180609226226807,-5.743531801272184e-06,-1.3797175884246826,-1.4492563009262085,-4.5456929206848145,-2.4124488830566406,-1.9491113424301147,1.322037927942903e-14,-1.4809315204620361,-2.0817656931626516e-08,3.141592502593994,-3.414219617843628,1.3734639883041382,-1.5707968473434448,-2.5484561920166016,-3.1415927410125732,-1.570796251296997,8.759712405990086e-19,-1.5707964897155762,1.5707963705062866,8.589554653824967e-17,-1.5707963705062866,1.5707963705062866,-1.570796251296997,-1.7234350442886353,1.5707967281341553,1.570791244506836,2.1008238792419434,1.5707952976226807,1.570797085762024,-3.099102020263672
-2.279823064804077,0.8597976565361023,-2.4051036834716797,-2.2568629187702527e-09,2.809044122695923,-2.9813907146453857,-3.141592502593994,-3.0698394775390625,-2.683504819869995,0.912050724029541,-1.1764659881591797,-4.0361223220825195,-2.6087372303009033,-1.2843600511550903,1.449256420135498,1.515610694885254,-2.7227113246917725,1.949108362197876,2.2999391555786133,0.7404657006263733,-1.461248755455017,3.141589641571045,1.1380846500396729,-1.3734668493270874,1.5707957744598389,-2.5484564304351807,3.141592264175415,-1.5707964897155762,2.534586086908753e-19,3.1415927410125732,1.5707961320877075,-6.230781804628146e-18,-1.5707963705062866,-1.570796012878418,1.570796012878418,-1.5914000272750854,1.5707961320877075,1.5707961320877075,1.5707943439483643,-1.5707964897155762,1.570796251296997,-0.1856095790863037
1.3678938150405884,-2.579392910003662,2.4051036834716797,2.6182236671447754,-8.136206823289999e-14,-2.142330976788627e-15,3.1415927410125732,1.1331677436828613,2.6834468841552734,-3.0770211219787598,1.1220914125442505,-2.6907477378845215,-2.608708381652832,-4.007225513458252,1.4492558240890503,1.5156108140945435,-3.1531238555908203,5.846590647706762e-05,2.3573389053344727,-0.7404657602310181,-1.4612488746643066,3.141592264175415,3.414210319519043,1.3734647035598755,1.5707964897155762,1.9129446290899743e-14,-3.1415929794311523,1.570796251296997,2.0269507914564416e-13,-2.1648639478288878e-11,1.5707956552505493,-2.4729677466505014e-16,-4.7123870849609375,-1.5707961320877075,-1.5707955360412598,-1.587639570236206,-1.5707951784133911,1.570796251296997,1.570796012878418,1.5707957744598389,-1.570796251296997,-0.9049399495124817
0.759941041469574,-1.8532711267471313,0.5850961804389954,3.9177074432373047,-1.4048960208892822,1.4906952381134033,-1.3045620918273926,-1.2294660806655884,-1.789001226425171,3.075241804122925,8.255734429418737e-10,-5.965614113812023e-11,2.6087265014648438,2.759434461593628,2.9422397851419646e-09,3.031222105026245,6.911260452824308e-09,-2.9236669540405273,-1.178600788116455,0.9131909608840942,-2.922881841659546,-1.5793945789337158,2.2394490242004395,-0.00010885225492529571,-3.1415903568267822,-3.822695732116699,-1.5701485872268677,-2.867828419184093e-09,1.5707968473434448,-3.141592264175415,-1.5707963705062866,-1.5438121557235718,-1.5707955360412598,-3.1414780616760254,0.546806812286377,-1.570796251296997,1.5707961320877075,1.5707969665527344,-1.5707964897155762,-1.5707899332046509,1.5707963705062866,0.8750810623168945
-2.4272756576538086,1.289696455001831,1.8038281202316284,-2.6182236671447754,-3.423159711246626e-08,2.981391191482544,-1.5707967281341553,-2.766298770904541,2.7579677430722427e-10,-1.5376209020614624,2.244443416595459,-2.6907479763031006,2.6087265014648438,1.6355178544813498e-08,-9.112048893200608e-10,-1.1807101429894828e-07,1.5707964897155762,-2.9236669540405273,1.178599238395691,-2.2218174934387207,-1.4612486362457275,3.0782899856567383,1.1380751132965088,1.4274942874908447,1.5707964897155762,0.0013705661986023188,0.002495576860383153,-1.5707963705062866,1.5707963705062866,-6.718984923992366e-09,-1.5707955360412598,1.9062575129513704e-10,1.5707956552505493,-1.5734270811080933,1.570799469947815,-0.9709084630012512,1.2689104080200195,1.1423542499542236,1.5707963705062866,1.5707958936691284,1.5708118677139282,1.6939685344696045
2.8878729343414307,-0.9845147728919983,1.3281440734863281,-1.3091113567352295,1.5027440786361694,1.4903335571289062,-1.8040052652359009,0.6148333549499512,-2.193296325808669e-12,-2.050168514251709,-2.244443416595459,1.3453739881515503,-2.6087262630462646,6.295969257053002e-08,1.1153809964525863e-06,-1.8384523627901217e-06,-4.995942148866561e-08,-0.9745557904243469,1.1786013841629028,2.2213969230651855,-2.8223867416381836,-3.1401748657226562,1.1380752325057983,1.372295618057251,-3.1419761180877686,-2.3007525840057497e-07,2.6349616177867574e-07,-2.622545843683488e-12,1.570796251296997,-3.141592025756836,-1.570797085762024,3.1415932178497314,-1.5707963705062866,1.570796012878418,-1.5707963705062866,1.4411449432373047,0.07840817421674728,-2.6321921348571777,1.5707963705062866,-1.5707963705062866,1.5707957744598389,1.6120054721832275
-0.45572102069854736,2.537818431854248,-1.6215933561325073,-1.3090935945510864,1.3031264543533325,-1.390079140663147,2.1547677516937256,2.4589059352874756,3.578002691268921,1.0250877141952515,2.244442939758301,1.3452175855636597,1.0090470126122852e-12,2.759434700012207,-2.8982598781585693,-3.0312211513519287,-3.1415929794311523,0.9745555520057678,-3.5358028411865234,2.2213971614837646,0.10543137043714523,3.136984348297119,-1.1380752325057983,1.3774688243865967,3.034102439880371,-2.555254319247524e-08,-3.1415929794311523,3.1415927410125732,-1.570796251296997,3.141592264175415,-4.712389945983887,-3.141592502593994,-1.5707961320877075,-1.570796251296997,-1.5707964897155762,1.570814609527588,-3.357779026031494,2.261650323867798,1.570796012878418,-1.5707967281341553,1.5707964897155762,-1.507363200187683
0.15198823809623718,-2.579392910003662,2.405103921890259,2.6182239055633545,-3.952041856069384e-15,2.981390953063965,-3.1415927410125732,-1.2125332355499268,-0.8944788575172424,2.050142526626587,-1.2097444534301758,1.3453739881515503,1.3043630123138428,-4.13904333114624,-1.4492559432983398,1.5156110525131226,1.7618435621261597,-1.9491350650787354,-2.265536308288574,-3.7023284435272217,-1.461248755455017,-1.5707963705062866,2.2761504650115967,1.8025057141324297e-11,-1.570735216140747,2.5484561920166016,3.1415927410125732,1.5707964897155762,-3.141592264175415,-3.141592502593994,1.5707963705062866,-1.6010675430297852,1.5707963705062866,1.5707963705062866,-1.5707963705062866,-4.712388515472412,1.5707963705062866,4.712390899658203,4.712389945983887,-1.5707964897155762,0.030271217226982117,-1.6226252317428589
-0.7602012157440186,2.5794289112091064,3.607658863067627,2.6182239055633545,2.809044122695923,-3.158037660587823e-14,3.1415936946868896,-3.79354190826416,-2.683501958847046,-2.236480951309204,1.12222158908844,-1.3453739881515503,-1.571392886035028e-06,-4.028141021728516,-1.4492560625076294,-4.546830177307129,1.526348352432251,-6.7907039991155216e-09,2.35720157623291,-0.7404657006263733,-1.4612486362457275,-3.0901293754577637,-1.1380763053894043,1.3249772787094116,4.7123870849609375,-5.633016009345222e-15,3.1415927410125732,1.5707963705062866,-3.1415927410125732,3.5290941650663148e-15,1.5707956552505493,1.8095328013778555e-10,-1.5707964897155762,1.5707963705062866,1.570796251296997,1.570796251296997,-1.5707961320877075,-1.570796251296997,-1.570796251296997,1.5707966089248657,1.5707963705062866,-0.9640246033668518
-1.6716222763061523,2.579392910003662,5.560606496146647e-06,2.6182239055633545,2.8092451095581055,2.9813902378082275,-1.3254297659415215e-09,2.1515657901763916,0.8945006728172302,1.005638837814331,-1.12222158908844,-0.6726869344711304,-2.6151812076568604,1.5273058414459229,1.4655793905258179,-1.5202958583831787,1.3685505390167236,3.8982226848602295,-2.3216944385344614e-15,1.4809314012527466,6.529157872137148e-07,-1.5491657681668204e-15,-3.4085354804992676,-1.3734642267227173,-1.5707963705062866,2.548457145690918,-3.141592502593994,1.5707961320877075,-3.1415929794311523,1.5707963705062866,1.5707969665527344,-3.141591787338257,-1.5707964897155762,-4.7123870849609375,-1.5707963705062866,1.570796012878418,1.5707966089248657,1.2628586292266846,-2.954345226287842,-1.5707958936691284,1.5707961320877075,1.570716142654419
-2.2798264026641846,-0.8597978949546814,-1.2025518417358398,1.647171643526235e-08,-2.809044122695923,-3.6279738267134664e-15,7.449600758491215e-08,-1.608432650566101,2.6835029125213623,3.3747200965881348,1.1222292184829712,1.3453739881515503,2.6087217330932617,1.3797178268432617,1.4492560625076294,1.515611171722412,-3.321223497390747,-8.553608381589584e-07,-2.3572099208831787,-0.740465521812439,1.4612492322921753,-3.1416027545928955,3.4142210483551025,1.3734545707702637,-1.5707961320877075,3.023145969671681e-14,-5.116155437669134e-13,-1.5707963705062866,3.141592264175415,3.141592264175415,-1.570796251296997,3.768259330793495e-17,-1.5707963705062866,1.5707964897155762,-1.570796251296997,-1.4078269004821777,1.5707961320877075,-4.712385177612305,-1.5707964897155762,1.5707963705062866,1.5707966089248657,0.48548445105552673
-3.191751718521118,2.579392910003662,2.405103921890259,9.303630999282775e-14,2.8090438842773438,-6.694109784717572e-13,-3.1415929794311523,1.684265375137329,-2.683500051498413,0.2705906927585602,1.1221457719802856,-0.6726871132850647,-2.6235737800598145,-1.3797175884246826,-4.347769737243652,-1.3852227926254272,2.2074551582336426,-1.949113368988037,-2.357117176055908,1.4809311628341675,-1.4611449241638184,-0.000184228818397969,-3.4004268646240234,-1.3733148574829102,1.570780873298645,2.5484564304351807,-4.8268353758373905e-09,1.5707963705062866,-3.1415934562683105,-3.141523838043213,-1.570796012878418,3.141592502593994,-1.5707964897155762,-1.5707964897155762,-1.570796251296997,-4.712386131286621,1.570797085762024,4.70819616317749,-4.712409019470215,-1.5707967281341553,1.5707966089248657,-2.5462169647216797
-2.8877758979797363,0.8597976565361023,-2.405103921890259,-2.4510760088247707e-10,2.809044122695923,1.1382340653776774e-14,3.1415927410125732,0.561236560344696,2.683501958847046,1.7346974611282349,-3.3666651248931885,-1.3453737497329712,2.6087303161621094,4.139153957366943,1.4492559432983398,1.515610933303833,-1.5317888259887695,3.8982226848602295,-8.51946868607456e-09,-0.7404657006263733,-1.4612489938735962,-0.004609847441315651,1.1380717754364014,-1.377402901649475,1.570796251296997,2.5484564304351807,-3.141592502593994,1.570796251296997,-7.341977362043094e-18,3.1415927410125732,1.5707968473434448,-1.1791443167740497e-14,-1.5707956552505493,1.5707968473434448,1.570796251296997,-1.4490638971328735,1.5707963705062866,1.570796251296997,-4.712385177612305,1.570796012878418,4.712385177612305,-2.580595016479492
-0.7599313855171204,-0.8597906231880188,-1.2025517225265503,-2.6182236671447754,-5.782616139399233e-13,2.981390953063965,3.141592264175415,1.252583384513855,0.8968484997749329,0.013299300335347652,3.3437256813049316,2.6907474994659424,-3.0791456083534285e-05,-1.490647554397583,-4.347770690917969,4.546835899353027,0.07120292633771896,3.8956260681152344,-2.3331451416015625,2.221397638320923,1.4612489938735962,1.6725231262171292e-06,-3.414198160171509,-1.373465895652771,-1.5707963705062866,-1.9536830175013488e-14,-3.141592502593994,-1.5707963705062866,-5.54050123781387e-19,-6.2458235943765004e-15,-1.5707958936691284,-4.81682226115103e-17,-1.570796012878418,-1.5707963705062866,-1.570796012878418,1.6307847499847412,-1.5707963705062866,-1.5707963705062866,-1.5707963705062866,1.5707968473434448,-1.5707969665527344,-0.7263342142105103
-0.45595648884773254,-2.5794007778167725,2.405107021331787,-2.6182236671447754,-2.8090438842773438,-2.8053534606442554e-07,-3.1415998935699463,-3.184605836868286,2.683501958847046,2.0521316528320312,3.3663086891174316,9.607185269544516e-09,-1.3043631315231323,1.2112804651260376,-1.4492560625076294,1.515610933303833,-1.570485234260559,-1.9491112232208252,2.3568227291107178,-2.2213969230651855,-1.4612488746643066,1.5707957744598389,-2.2761502265930176,-2.7469289302825928,-1.564895510673523,-2.5484564304351807,-3.141591787338257,-1.5707964897155762,7.603177011249576e-18,-3.141592264175415,-1.5707964897155762,1.1769263744354248,-1.570796251296997,1.5707963705062866,-1.5707958936691284,-1.5753263235092163,4.712385177612305,1.5707968473434448,1.570797085762024,-1.5707958936691284,0.3938765823841095,3.928395986557007
0.45596471428871155,-1.772839131422638e-17,-1.2025519609451294,-8.003203655349012e-10,-3.394948766555217e-09,2.981390953063965,3.141592502593994,0.3073665499687195,-2.683501958847046,-1.8689711093902588,-1.1222217082977295,-2.0180609226226807,-6.995969101808441e-07,-1.4922192096710205,1.4492547512054443,-1.677228569984436,2.2437117099761963,-1.9491113424301147,-2.35720157623291,1.1749144248178749e-15,1.0550640361373098e-08,3.1415929794311523,-3.4142258167266846,-1.373464584350586,1.5707964897155762,-2.5484564304351807,-3.141592502593994,-1.570796251296997,2.610509634913757e-18,-1.5707963705062866,1.5707963705062866,-3.141592502593994,-1.5707958936691284,-1.5707963705062866,1.5707968473434448,-1.570316195487976,-1.5707910060882568,-1.570797324180603,2.2035574913024902,1.5707958936691284,4.7123870849609375,1.5575206279754639
2.6612229347229004,-1.7195953130722046,-0.17315903306007385,1.4187636375427246,1.4045219421386719,1.4649244546890259,-3.8395440578460693,2.766298770904541,2.6834990978240967,0.7488236427307129,-1.1640676259994507,2.0180609226226807,2.60872483253479,2.642024278640747,-1.449256181716919,1.515611171722412,-4.014438152313232,3.8982226848602295,-2.35720157623291,-1.4809314012527466,-1.1026506559558215e-15,-3.141592502593994,1.1380763053894043,-1.3734642267227173,-3.113623857498169,2.5484566688537598,9.592736007323229e-16,-1.419429435101094e-10,-3.9031982967360055e-17,1.5707963705062866,1.570804476737976,-2.294433902854526e-13,-1.5707976818084717,-1.5707963705062866,1.5707963705062866,1.5707961320877075,-1.5707966089248657,-1.570797085762024,-1.570796251296997,-1.570796251296997,1.570796251296997,1.5707958936691284
-1.4292694330215454,-2.149493932723999,-7.104079458031265e-08,3.9273319244384766,1.4003832340240479,1.4906957149505615,-1.3839168548583984,3.0736653804779053,-0.894500732421875,-1.5376213788986206,-3.3666651248931885,0.6726870536804199,-1.3039008378982544,-2.7594306468963623,-4.347771167755127,1.5300393104553223,2.9547131061553955,3.8982226848602295,-2.357201337814331,-9.731574236498865e-15,1.9884413560156133e-10,-1.2548261452138831e-07,-2.2761504650115967,9.54998036206689e-09,3.1415927410125732,-2.5484564304351807,9.225474828511437e-10,3.869510869981416e-17,-3.226957631894714e-17,1.5707961320877075,1.5707963705062866,-1.570796251296997,1.5707957744598389,1.5707964897155762,1.570798397064209,-1.5707957744598389,-1.5373685359954834,-1.2923269271850586,-1.57105553150177,-4.133330821990967,1.5707957744598389,-1.570797085762024
2.279820680618286,2.579392910003662,6.337244826681854e-07,8.74425254426825e-11,2.8090438842773438,-2.981390953063965,3.141592502593994,-2.1515655517578125,-2.683501958847046,-0.9717221260070801,1.1222217082977295,-3.3634347915649414,-2.044091047537222e-07,-4.011399745941162,1.4492568969726562,-1.5156209468841553,-0.2708180546760559,-5.195336213103738e-14,3.54814287725888e-15,-2.961862802505493,-2.9224979877471924,2.6735718300981582e-15,-1.1380752325057983,1.3734643459320068,1.5707963705062866,2.5484561920166016,3.1415927410125732,-1.5707963705062866,-3.1415915489196777,-1.5707961320877075,-4.712390422821045,-7.385971128357849e-17,1.570796251296997,-1.5707963705062866,-4.712389945983887,-1.5707966089248657,-4.7121429443359375,1.5707987546920776,1.1465704441070557,-1.5707964897155762,1.5707963705062866,-2.1131622791290283
2.5941388607025146,-2.149494171142578,1.2025519609451294,-3.9272115230560303,-1.3985427618026733,-1.490695595741272,0.010373996570706367,-1.8441991806030273,-2.683501958847046,2.56270170211792,3.3666651248931885,-0.6726869940757751,-3.9130859375,-2.7595677375793457,-1.4492552280426025,-4.466147422790527,-1.5811703205108643,-1.9491114616394043,-2.35720157623291,-2.961862802505493,1.2609547850317426e-09,4.698032185501688e-08,-1.5345644405802966e-13,-2.7469289302825928,-3.1415886878967285,2.5484564304351807,3.1415929794311523,1.0242374014269223e-16,3.8858817669205754e-17,-1.5707963705062866,1.5707963705062866,1.5707963705062866,4.712388038635254,1.570796251296997,1.5707972049713135,1.5707958936691284,1.5734543800354004,1.3062183856964111,-4.671275615692139,-3.426203489303589,-1.5707963705062866,1.5707964897155762
1.9758468866348267,5.89706550258029e-09,-3.2542779582200865e-09,2.6182236671447754,-9.542812944203245e-15,2.981390953063965,3.1415929794311523,3.4757258892059326,2.6600513458251953,1.0250694751739502,3.330409526824951,2.462238191114352e-10,-1.3043642044067383,1.379714012145996,-1.449256420135498,-1.5156114101409912,3.06656551361084,-3.872413396835327,0.03809266909956932,-2.2213971614837646,-1.4612489938735962,1.5707967281341553,-2.276151418685913,-2.7469286918640137,-1.5707646608352661,1.5938608126462445e-13,3.675102316382222e-15,1.5707963705062866,1.0520155134129041e-14,1.178152102379636e-14,1.5707963705062866,2.0231332778930664,1.5707961320877075,-1.5707961320877075,-1.5707963705062866,-1.5947998762130737,1.5707954168319702,1.5707956552505493,1.5707964897155762,1.570796012878418,-3.593930721282959,-0.834963858127594
-2.279822587966919,0.8597976565361023,1.2025518417358398,1.1766980723137976e-09,2.809044122695923,-6.233956662785468e-15,-8.262007966663987e-09,-2.1515655517578125,2.683501958847046,-0.9252691268920898,3.3666648864746094,3.3634350299835205,-5.7032311815419234e-06,-4.040931224822998,1.4492582082748413,-1.515610933303833,1.5566036701202393,1.9491113424301147,2.3572020530700684,-1.4809316396713257,2.9224977493286133,-3.1415932178497314,1.1380797624588013,-1.3734649419784546,-1.5707956552505493,-2.5484564304351807,-3.1415927410125732,-1.5707963705062866,3.141592264175415,-1.5707963705062866,1.570796251296997,3.1415927410125732,1.570796012878418,-1.5707966089248657,1.5707961320877075,-1.5751128196716309,-1.5708413124084473,1.5707950592041016,1.3711445331573486,1.570796251296997,-1.570796251296997,1.3248568773269653
-2.1106481552124023,-2.1494944095611572,1.8038278818130493,2.6182236671447754,2.8090431690216064,9.350015872655604e-09,1.570796251296997,2.766298770904541,3.553581651161153e-09,-0.512540340423584,-2.24444317817688,-1.3453741073608398,-2.3166281337694272e-08,-2.759434461593628,-3.3530320706631755e-06,3.031222105026245,-1.5707963705062866,-2.9236674308776855,-3.535747766494751,3.473043203353882,1.4612479209899902,-0.0356268584728241,1.13808012008667,-4.090099334716797,1.5707961320877075,3.8226842880249023,-1.5708262920379639,-1.570796251296997,1.5707963705062866,3.141592502593994,-4.712397575378418,3.141592025756836,-1.5708255767822266,3.140634298324585,-4.706140518188477,1.474670171737671,-1.570794701576233,1.570815086364746,-1.5712212324142456,1.5707957744598389,1.570796012878418,-0.7741916179656982
2.279823064804077,3.439190626144409,-2.405103921890259,8.169426801707402e-10,2.8090436458587646,2.981390953063965,-1.0719199053710327e-05,0.9220995903015137,2.683501958847046,1.0008022785186768,-1.12222158908844,-2.0180609226226807,-2.6087288856506348,3.9989397525787354,-1.449225902557373,1.497328519821167,-3.150109052658081,-1.9491113424301147,-7.278868576737871e-16,-1.4809314012527466,-2.0089988339577758e-08,-3.1415927410125732,3.4142229557037354,1.3734641075134277,1.5707966089248657,2.5484564304351807,3.1415927410125732,-1.570796251296997,-3.1415927410125732,-1.570796251296997,1.570796251296997,7.257451136908309e-15,-1.570796251296997,-1.5707966089248657,4.71238899230957,1.5707961320877075,-1.5704251527786255,-1.6037564277648926,-1.0923689603805542,1.5707963705062866,1.5707963705062866,2.011061668395996
-2.888045072555542,-1.7198063135147095,-1.2025572061538696,-2.618222713470459,-8.631686945065331e-13,7.90759440860711e-06,3.141592264175415,1.850993037223816,2.683502674102783,2.052856922149658,3.320904493331909,2.462793580182421e-10,2.3888211250305176,-1.343701720237732,1.4492565393447876,1.5156118869781494,-2.7517006397247314,1.9491106271743774,0.04723850265145302,-2.2213971614837646,-1.461248755455017,-1.5707963705062866,1.159888505935669,3.5803999764993932e-09,3.1669323444366455,1.6339647733801255e-13,-3.1415934562683105,-1.5707963705062866,3.141592264175415,-3.1415929794311523,1.5707961320877075,1.6361827850341797,-1.570796012878418,-1.570796251296997,-3.071998119354248,-1.5455732345581055,-4.712391376495361,-1.570796251296997,-1.5707966089248657,-1.5707961320877075,-0.09066963940858841,-1.7889071702957153
-2.2798328399658203,0.8597976565361023,2.4051012992858887,2.6182236671447754,-2.8090438842773438,-3.4351932106171934e-13,-3.1415927410125732,-2.1515657901763916,-0.8945006728172302,1.9044922590255737,1.12222158908844,-0.6726869344711304,2.6087255477905273,-1.5063896179199219,4.347769260406494,1.515609622001648,1.102073073387146,1.9491113424301147,2.35720157623291,-1.4809314012527466,-2.9224977493286133,-3.141592502593994,1.138075828552246,1.3734636306762695,-1.570796012878418,-2.5484559535980225,-3.141592502593994,1.5707966089248657,3.1415929794311523,-1.5707963705062866,1.5707967281341553,-3.1415927410125732,-1.5707957744598389,1.5707963705062866,-1.5707957744598389,-1.640581727027893,-1.5708087682724,4.678544521331787,2.501647710800171,-1.5707966089248657,-1.5707969665527344,-1.680863618850708
0.75974041223526,3.439190626144409,-3.6076526641845703,-1.5972746041370556e-05,-2.809044361114502,-5.4044273125729986e-14,1.2513426554505713e-05,-2.1515657901763916,-0.8945006728172302,3.3932909965515137,-3.3666648864746094,-0.6726870536804199,2.6087276935577393,-4.139161109924316,1.4492688179016113,1.5156103372573853,2.914102554321289,-1.9491113424301147,2.3572020530700684,-1.4809314012527466,-2.9224979877471924,1.3095189503890738e-14,-3.414224147796631,1.3734642267227173,-1.570796012878418,-2.548456907272339,2.914048169433414e-11,1.5707963705062866,3.141592264175415,-1.5707958936691284,-4.712389945983887,8.790139996668665e-17,-1.570796251296997,-1.5707961320877075,1.5707958936691284,4.522456169128418,1.5707954168319702,1.563473105430603,-3.488675832748413,-1.5707974433898926,1.5707963705062866,-0.22430755198001862
-2.2798233032226562,-1.7195953130722046,1.2025519609451294,1.2761819379036865e-11,2.7327502104745535e-14,-2.9813899993896484,-2.433559354031445e-09,0.03155606985092163,2.656822919845581,-0.9850329756736755,-3.3518199920654297,-1.5601637759488085e-09,2.592745065689087,-1.3801860809326172,1.4492549896240234,-4.546833038330078,1.1378918886184692,-1.9782328605651855,2.372838258743286,0.7404657006263733,-4.38375186920166,3.1415939331054688,-1.1241730451583862,1.3734654188156128,1.5707967281341553,2.5484559535980225,-8.814335979850929e-13,1.570796251296997,3.1415927410125732,-2.4435035158448803e-12,1.570796251296997,3.141592264175415,-1.5707964897155762,1.5707969665527344,1.5707963705062866,1.5672856569290161,-1.5707964897155762,1.5707964897155762,-1.5707964897155762,-1.570796012878418,-1.5707958936691284,1.5365915298461914
0.15198621153831482,-1.7195959091186523,3.6076560020446777,2.6182236671447754,-2.581027297270111e-14,2.9813907146453857,-1.0016532492329588e-08,-1.8285126686096191,2.683501958847046,1.2036221027374268,3.280747652053833,4.036121845245361,-6.823173066550225e-07,4.128333568572998,-1.4492560625076294,-4.546833038330078,-0.5686894059181213,1.9491113424301147,-4.623915195465088,2.2213971614837646,1.4612488746643066,0.0001928105775732547,3.41422438621521,1.3736354112625122,-1.5707968473434448,-2.5484564304351807,-2.5056552563048132e-14,-1.5707964897155762,-3.141592502593994,3.1415929794311523,1.5707963705062866,-1.9921860224374481e-16,-1.570796251296997,-1.5707964897155762,-4.7123870849609375,-1.5613431930541992,1.5707956552505493,1.5707966089248657,-4.7123870849609375,-1.5707967281341553,4.712385654449463,-1.519731044769287
3.1914925575256348,-1.7195290327072144,1.202531099319458,-2.6182243824005127,-4.18590726317114e-12,3.932007172115226e-13,6.603638667002087e-07,1.2190006971359253,-0.8945015668869019,2.117978811264038,3.366670608520508,2.6907477378845215,1.2430947208486032e-05,1.5255200862884521,-1.4492560625076294,1.515611171722412,-0.5044985413551331,3.898221492767334,-2.3571958541870117,3.7023284435272217,-4.383746147155762,-0.0004227947210893035,1.1380642652511597,1.3731285333633423,-1.570796251296997,2.5484561920166016,4.394810456851382e-14,-1.570796012878418,5.839882716915187e-18,3.1415929794311523,-4.712390899658203,1.7289746368940126e-16,-1.570796251296997,-1.570797085762024,-1.570796012878418,-1.4765397310256958,-1.5707954168319702,-1.570797085762024,-4.712389945983887,-1.5707961320877075,1.5707964897155762,2.0206105709075928
2.2797231674194336,1.7196025848388672,2.4050097465515137,-2.6182236671447754,2.809044122695923,2.9813907146453857,1.5599160008150648e-07,-1.8446967601776123,0.8944860696792603,-2.0638070106506348,1.122220754623413,2.4642191065460395e-10,2.6087238788604736,-1.2438284158706665,1.4492563009262085,-1.515610933303833,1.639514446258545,-1.949127197265625,2.3572006225585938,2.2213971614837646,1.461249589920044,-0.007750273682177067,-1.1380730867385864,-1.3802413940429688,1.5707964897155762,2.5484561920166016,-3.0808684698183358e-15,1.570796251296997,-3.141592502593994,-2.4090325139456206e-14,-1.5707963705062866,-3.1415927410125732,-1.5707952976226807,-1.5707963705062866,1.5707961320877075,-1.5354092121124268,-1.5707961320877075,-1.570796251296997,1.5707968473434448,-1.5707963705062866,-1.5707964897155762,0.40243294835090637
1.2235147953033447,2.149494171142578,1.8038280010223389,2.3375433144678937e-08,-9.084159535710512e-10,-2.981390953063965,1.570796251296997,-0.3080836534500122,1.1942139499510063e-09,0.5125433802604675,2.24444317817688,2.6907472610473633,-1.1772572916513013e-09,-2.759434461593628,5.5990350134038636e-09,-4.1565106911889416e-10,-1.5707975625991821,0.9745556712150574,-1.178600549697876,-3.3814847469329834,1.4612513780593872,0.08090327680110931,-1.1380751132965088,1.3060237169265747,1.570797324180603,-3.8226828575134277,-1.5708503723144531,1.5707964897155762,-1.5707963705062866,-3.1415915489196777,1.5708030462265015,-3.141592502593994,1.5707972049713135,-3.1415927410125732,4.712393283843994,-1.5873289108276367,-4.712390899658203,-1.570796251296997,1.5707980394363403,1.5707955360412598,4.712397575378418,-1.1897510290145874
-0.4559646248817444,0.938325047492981,0.20426906645298004,-1.3088160753250122,-1.323851466178894,-1.5356501340866089,1.2770602703094482,2.458932399749756,-7.579449017741137e-15,-1.025080680847168,2.24444317817688,-2.6907482147216797,1.5644608750294518e-14,-2.759434223175049,2.898512125015259,1.6868037728320212e-14,-4.58183402329837e-09,2.9236671924591064,1.1786003112792969,-1.6274124383926392,0.08492730557918549,-0.0307632889598608,-3.414224624633789,-1.3988813161849976,0.04729010537266731,3.8226847648620605,-1.570797324180603,-3.6381325729806235e-10,-1.5707964897155762,-3.1415927410125732,-1.570796251296997,-1.1283960432706408e-08,4.712388038635254,-3.141592502593994,-1.5707961320877075,-1.5692163705825806,1.5707964897155762,-1.5707957744598389,-4.712385177612305,1.5707964897155762,-4.712390422821045,-1.6085939407348633
-0.759727418422699,-1.719627022743225,9.37319146032678e-06,-1.023986555992451e-06,2.809044122695923,-2.9813923835754395,2.1280300188664114e-07,1.8718072175979614,-0.8945005536079407,2.0186073780059814,1.0990568399429321,-2.6907477378845215,1.283143162727356,-1.3550033569335938,1.4492560625076294,1.515611171722412,-0.13390953838825226,1.9491102695465088,-0.02499043382704258,-0.7404657006263733,1.461248755455017,1.5666366815567017,-2.258847713470459,-0.0032799073960632086,-1.6138432025909424,5.872930722468361e-14,-3.141592502593994,1.5707963705062866,-2.202866343651193e-18,-3.1415932178497314,4.712385654449463,-0.4351559281349182,-1.570796251296997,1.570796012878418,1.5702861547470093,-1.734741449356079,4.712386608123779,-4.712390422821045,-1.5707963705062866,1.5708789825439453,-1.137414813041687,-1.1122206449508667
-1.671870470046997,2.579392910003662,1.2025519609451294,-1.580503089515517e-10,-1.78125590856058e-14,1.1658424266670735e-14,3.1415927410125732,-1.204771637916565,-2.6874659061431885,0.8786419630050659,-3.3565030097961426,2.464177750738372e-10,-2.6087841987609863,4.139152526855469,1.4492560625076294,-1.515610933303833,1.567816138267517,1.9534802436828613,2.346442461013794,-2.2213971614837646,1.4612489938735962,-2.2485975932795554e-05,-1.1380271911621094,1.373484492301941,-1.5707964897155762,-1.623682327031215e-15,3.141592264175415,-1.5707964897155762,-3.1415927410125732,3.141592264175415,-1.570796251296997,-3.141592264175415,-1.5707955360412598,-1.570796251296997,1.570796251296997,1.3594218492507935,1.570796251296997,1.5707969665527344,1.5707968473434448,1.5707966089248657,-1.570796012878418,-1.564744234085083
0.008654147386550903,0.8597977161407471,1.4468944072723389,1.3083045482635498,1.4045219421386719,1.4904991388320923,2.1293742656707764,-3.3810322284698486,0.8945006728172302,-0.2603018879890442,-1.1222249269485474,0.6726870536804199,-1.304363489151001,-0.0008707895176485181,4.347768783569336,-4.546833515167236,-2.583014726638794,1.9491113424301147,-2.35720157623291,-1.4809314012527466,3.2625683025425817e-14,3.7019827203721434e-08,1.4168311679441103e-07,0.3259165287017822,-1.8394065364191192e-06,2.4619439516551656e-13,1.548113859125449e-15,-3.1415927410125732,-9.162331402212003e-18,-1.5707963705062866,-4.708756446838379,-1.5587913990020752,-1.5707993507385254,4.712388038635254,1.570797324180603,1.5707957744598389,1.5707963705062866,-1.570796012878418,1.5707967281341553,3.1888046264648438,-4.712376117706299,-1.5707957744598389
3.191462755203247,2.5793752670288086,1.202560305595398,-9.393763633624985e-08,2.8090438842773438,-2.9813907146453857,1.1933055077406607e-07,-1.7730804681777954,2.683408737182617,-3.126406669616699,1.2161660194396973,-4.272123987902887e-09,0.0008508071186952293,-1.3783795833587646,1.4492559432983398,-1.515611171722412,-1.6395294666290283,-1.94900643825531,4.614397048950195,0.7404657006263733,-1.4612488746643066,5.593749961008143e-07,-1.1373491287231445,1.3734649419784546,-1.5707966089248657,2.5484559535980225,4.13737097086273e-15,1.5707963705062866,-3.141594648361206,3.141592502593994,1.5707963705062866,1.1677912549258255e-17,1.5707961320877075,-1.5707957744598389,1.5707963705062866,-4.585042953491211,-1.570796251296997,-1.5707954168319702,1.5707963705062866,-1.5707963705062866,-1.5707968473434448,-1.525423288345337
-1.6716862916946411,2.579392910003662,3.6076457500457764,-4.247232079923613e-11,-1.5165899185376475e-06,6.301369473958596e-13,-4.525049007497728e-06,-1.229466199874878,-0.8945006132125854,1.9418435096740723,1.1222212314605713,-2.4706568717956543,-1.3043622970581055,1.379715085029602,-2.8985118865966797,-1.7470418214797974,2.079144239425659,-1.9491113424301147,-1.1705190649754539e-14,2.2213971614837646,2.9224979877471924,-3.1415929794311523,2.276150703430176,-1.3734647035598755,-4.71238899230957,-1.2742278575897217,2.900637626647949,1.570796251296997,-3.141592264175415,1.570796251296997,1.570796251296997,-6.947112834001026e-14,1.5707963705062866,-2.631243984361261e-14,1.5707963705062866,-1.5707943439483643,-1.5707969665527344,1.570796251296997,-0.05816682428121567,-1.5707958936691284,-1.5707967281341553,1.07264244556427
2.583838939666748,2.579392194747925,-2.4051527976989746,-2.6182239055633545,2.8090436458587646,-2.9813902378082275,-3.1415929794311523,-0.9221072196960449,-0.894500732421875,-1.0351481437683105,1.12222158908844,-2.0180609226226807,-2.6087281703948975,1.3803735971450806,-1.4492548704147339,-1.5155601501464844,1.0414319038391113,-9.815108448218979e-11,2.35720157623291,-2.8941162799611675e-09,2.9207282066345215,-3.141451358795166,-3.41422700881958,-4.119192123413086,-1.5707958936691284,2.5484564304351807,-9.111107979187238e-10,1.570796251296997,-5.590838321374049e-17,1.56809401512146,1.5707966089248657,3.141592264175415,1.5707961320877075,1.570796251296997,-1.5707961320877075,-1.5708361864089966,1.5707967281341553,1.7941776514053345,1.5693761110305786,-1.5707961320877075,-4.71238899230957,1.6017690896987915
0.1519881933927536,-2.579392910003662,2.405104160308838,-2.6182236671447754,2.809044122695923,2.065773507808899e-08,5.166359340336157e-09,2.655931234359741,2.683499813079834,0.9976990818977356,-3.330164670944214,-2.4642188289902833e-10,3.9130895137786865,4.1391520500183105,1.4492559432983398,-1.5156102180480957,-0.7186048626899719,-2.1126306819496676e-06,2.3956830501556396,-2.2213971614837646,4.383746147155762,-4.7123918533325195,-2.2761502265930176,-2.7469301223754883,4.649836540222168,2.5484564304351807,-5.282368848434117e-14,-1.570796251296997,-3.1415927410125732,1.5311639225226126e-17,-1.5707963705062866,2.334261655807495,-1.5707963705062866,1.5707964897155762,-4.71238899230957,-1.567472219467163,-1.5707961320877075,-1.570796251296997,-1.570796251296997,1.5707961320877075,-2.3762869834899902,-1.399237871170044
-1.0639172792434692,-1.7195950746536255,1.2025519609451294,-2.64791716331203e-10,-4.2106977660735876e-15,2.9813907146453857,2.556169276246578e-09,-0.6170871257781982,0.9079832434654236,-1.0239211320877075,2.240554094314575,1.3453738689422607,-2.6087324619293213,-4.110541820526123,-4.347766876220703,1.515612006187439,3.3948299884796143,1.9340691566467285,3.539727210998535,-0.7404657006263733,1.4612494707107544,-0.010597526095807552,1.13808012008667,-1.3644050359725952,1.5707964897155762,-2.5484566688537598,-3.1415927410125732,1.570796251296997,-3.141592502593994,3.1415927410125732,-1.570796012878418,-3.1415927410125732,1.5707967281341553,1.570796251296997,-1.570796251296997,-1.5707964897155762,-1.5707966089248657,-1.5707964897155762,1.5707961320877075,-1.5707964897155762,-1.5707964897155762,0.6241000294685364
-2.8808250427246094,1.289696455001831,-3.7597968578338623,-3.9251670837402344,4.213562488555908,1.4893090724945068,0.347003310918808,-1.8441991806030273,2.683501958847046,-2.3795809745788574,1.1222217082977295,2.0180609226226807,-2.60872745513916,-0.00223835208453238,-1.4492552280426025,-1.3110711574554443,-1.9177995920181274,-1.9491113424301147,2.35720157623291,-2.067026941981082e-16,-2.9224979877471924,3.1415927410125732,1.1380760669708252,-1.3734643459320068,0.0014153135707601905,2.5484564304351807,-3.1415929794311523,3.141592502593994,3.1415932178497314,1.570796251296997,1.5707961320877075,3.1415934562683105,-1.570796251296997,-1.5707964897155762,-1.5707961320877075,1.5707963705062866,-1.570794701576233,1.5716133117675781,1.5917106866836548,1.570796251296997,1.570796251296997,4.712386131286621
-1.671870231628418,-0.8655563592910767,-0.6257782578468323,1.3087847232818604,1.3699848651885986,1.4906954765319824,-1.955749273300171,1.2294660806655884,-3.578002691268921,5.919633533357782e-11,2.244443416595459,-2.6907479763031006,2.6087265014648438,2.759434461593628,-2.898512363433838,-3.445050911210501e-09,-4.3364569712878165e-09,-0.9745557904243469,-1.1786012649536133,0.7404660582542419,-2.9578745365142822,1.570796012878418,2.219459295272827,2.7469289302825928,9.0774188166165e-09,2.5484557151794434,3.996905206804513e-07,-2.627032434903559e-13,-1.570796251296997,3.1415927410125732,-1.5707958936691284,-1.616124153137207,1.5707958936691284,-1.5707967281341553,-0.5890364050865173,1.5691874027252197,-2.791425943374634,0.328678697347641,1.5707966089248657,-1.5707955360412598,-1.5707964897155762,-2.1903276443481445
1.8706324100494385,-0.42989876866340637,1.2025519609451294,-1.2638795375823975,-4.142202377319336,4.472084999084473,-3.3922390937805176,0.6147329807281494,2.683501958847046,-1.537621021270752,-1.12222158908844,-2.0180609226226807,-1.304457187652588,-2.712955951690674,4.347769260406494,1.5697463750839233,1.3201498985290527,1.9491113424301147,-2.357201337814331,-6.777021672522195e-15,-4.823760502148389e-09,-3.1415934562683105,2.2761497497558594,7.544055335984012e-08,-3.1415927410125732,-2.5484557151794434,1.6942293123989316e-09,3.141592502593994,3.835558331840503e-18,-1.5707966089248657,-1.570796251296997,-4.7123894691467285,-1.5707966089248657,1.5707964897155762,1.5708796977996826,1.570796251296997,-4.668966770172119,4.5941972732543945,1.570776104927063,2.30236554145813,1.5707964897155762,1.570796012878418
-2.2798280715942383,5.358333964977646e-06,-2.405104160308838,1.3031563605991892e-09,-2.8090438842773438,-2.981390953063965,3.1415927410125732,0.6048950552940369,-0.8945007920265198,0.9901878833770752,-1.1222217082977295,-2.6907479763031006,-1.3043636083602905,1.4306328296661377,-4.347766399383545,-1.5156112909317017,-1.1590869426727295,1.9491112232208252,-4.714402675628662,0.7404657006263733,-1.4612488746643066,-4.712059020996094,2.2761504650115967,2.7470850944519043,-1.6506340503692627,2.5484566688537598,-4.872045082367042e-14,1.5707964897155762,1.9232920377837415e-12,-3.1415929794311523,-1.5707964897155762,-0.8334356546401978,1.5707957744598389,-1.5707961320877075,-1.5707966089248657,-4.665439605712891,1.5707957744598389,-4.712391376495361,1.570796251296997,-1.5707807540893555,-0.7402028441429138,-1.557024359703064
-0.7599409222602844,-2.579392910003662,2.405103921890259,1.4177769201706436e-11,-1.5590320145975056e-09,2.981390953063965,1.6166098459891032e-09,-0.307334840297699,2.683501958847046,-0.1410912424325943,1.1222217082977295,-0.6726869344711304,-1.308176040649414,-1.379717469215393,-1.3908289670944214,1.5140836238861084,1.7234742641448975,-1.9491112232208252,-2.357201099395752,2.9618630409240723,-2.9224977493286133,-3.1415927410125732,-2.279691219329834,-1.3734643459320068,-1.570796012878418,2.5484561920166016,1.8618889763288848e-09,-1.5707963705062866,-3.1415939331054688,-1.5707963705062866,1.5707963705062866,-1.2722384035157575e-08,-1.5707968473434448,-4.712389945983887,-4.7123870849609375,1.5678091049194336,-1.5707964897155762,-4.4996538162231445,2.834231376647949,4.7123894691467285,-1.5707972049713135,2.2420685291290283
-2.5838065147399902,-0.8597980737686157,-1.2023752927780151,2.6182239055633545,2.809044122695923,2.981390953063965,3.141592264175415,2.454214096069336,0.8945004940032959,-0.5544334650039673,-1.1222199201583862,0.6726869940757751,3.9059717655181885,-1.3140660524368286,-1.4492541551589966,1.428803563117981,-2.2839066982269287,-3.8982224464416504,2.3571996688842773,-1.699427798484976e-08,1.4612488746643066,1.570797085762024,4.54649543762207,2.7469289302825928,-1.4898990392684937,-2.308102927534028e-12,-5.67673552609449e-09,1.5707963705062866,-2.8007266410103792e-18,-7.4106015377981e-13,-1.570797324180603,-3.060791015625,4.712391376495361,-1.5707966089248657,1.5707886219024658,1.5707957744598389,-1.5707957744598389,-1.5518012046813965,-4.7123870849609375,1.5707963705062866,1.560238242149353,-0.5890793800354004
1.8238584995269775,3.009291410446167,5.128260482933911e-08,-2.6182236671447754,2.809044122695923,2.981390953063965,-2.8362270310111626e-09,-2.1515655517578125,1.789001226425171,-3.0752415657043457,-2.244443416595459,-2.6907482147216797,-2.171088380622621e-16,5.8645572842408455e-09,6.3441580877565684e-09,3.031222343444824,3.141592502593994,-0.9745556712150574,-1.178600788116455,-2.2213971614837646,4.32813024520874,-0.00032097913208417594,1.1380752325057983,1.3737584352493286,1.5707961320877075,-2.5484564304351807,1.60507518387476e-08,-1.570796251296997,-1.570796251296997,2.2167025937573676e-18,-1.5707963705062866,7.26385081493195e-17,-1.5707963705062866,1.570796251296997,-1.5707966089248657,1.110292911529541,1.0565481185913086,1.0539774894714355,1.4127287864685059,-1.570796012878418,1.570796012878418,-2.093249797821045
2.702244997024536,1.289696455001831,-2.405103921890259,-1.364412784576416,1.4045226573944092,-1.4906953573226929,-0.1462232619524002,1.2294660806655884,-2.683502435684204,-1.5376211404800415,-3.3666651248931885,-2.0180609226226807,1.3043649196624756,2.70088791847229,-1.4503247737884521,-1.5158058404922485,-1.7170195579528809,1.1799489768981176e-15,2.3572018146514893,-1.4809314012527466,4.5819729954654775e-11,-4.229979921888116e-09,2.2761502265930176,-1.1255980147950595e-08,3.141592502593994,-2.5480661392211914,-3.1415929794311523,-3.141592502593994,-1.0932065297615117e-17,-1.5707963705062866,-1.5707961320877075,-1.570796251296997,1.5707967281341553,-4.712387561798096,-1.5707963705062866,1.5707968473434448,1.570796251296997,-1.5707958936691284,1.552566409111023,2.91436505317688,-4.712385654449463,1.5707958936691284
-1.0639172792434692,-1.7195954322814941,-1.924503720829307e-07,8.66867355675538e-10,2.809044361114502,-2.9813907146453857,3.1415927410125732,0.6178188920021057,0.8945008516311646,2.0296595096588135,-1.110482931137085,-2.6907479763031006,3.900143623352051,-1.37971830368042,1.4492563009262085,1.5156110525131226,1.693606972694397,1.9491115808486938,0.012324325740337372,-2.2213971614837646,1.4612488746643066,1.5708080530166626,-0.010676033794879913,-9.54380720941117e-06,-1.5957906246185303,-2.5484564304351807,2.060251451320612e-14,1.5707968473434448,8.956499087306758e-18,-3.141592502593994,1.5707963705062866,2.7581934928894043,1.570796012878418,-1.5707954168319702,-4.7122273445129395,-1.412283182144165,1.5707969665527344,-1.570796012878418,4.712384223937988,1.5707968473434448,1.1879932880401611,0.7391402721405029
2.8877761363983154,-1.7195954322814941,2.405104160308838,-2.6182236671447754,-2.809044361114502,-2.981390953063965,-3.1415927410125732,0.04483003914356232,-0.8945005536079407,-2.054610013961792,3.3666117191314697,-2.4642152207654533e-10,-1.3043608665466309,1.3797175884246826,1.449256181716919,1.5156117677688599,1.5189510583877563,-1.9491112232208252,-5.6454668083461e-05,-2.2213971614837646,1.461248755455017,1.5707998275756836,-2.2761483192443848,2.7469255924224854,-1.5611183643341064,2.5484566688537598,1.9664051474372474e-13,-1.5707963705062866,-3.1415932178497314,3.0308033169214495e-15,1.5707964897155762,0.7203920483589172,-1.5707972049713135,-4.712389945983887,1.5707969665527344,1.7118054628372192,4.712386608123779,1.570796251296997,1.570796012878418,1.570796012878418,-0.8504524827003479,2.8603687286376953
1.3678938150405884,0.8597976565361023,1.2025519609451294,-7.74454827524862e-14,-2.8090436458587646,3.1437619367013885e-15,-3.141592502593994,-2.572014331817627,-0.8945033550262451,2.187974691390991,1.1959582567214966,-2.6907505989074707,8.953662700150744e-07,-1.3797160387039185,1.449256420135498,1.515612244606018,-1.5942986011505127,3.898219585418701,-4.636377811431885,2.2213971614837646,4.383748531341553,3.1415762901306152,1.1380759477615356,-1.3734506368637085,1.5707961320877075,2.5484564304351807,3.1415932178497314,1.570796012878418,-3.141592502593994,1.7815593157622864e-15,-1.5707969665527344,-7.904144195585157e-17,1.5707963705062866,1.5707964897155762,-1.5707966089248657,1.570799469947815,-1.570796251296997,-1.570784568786621,-1.570796251296997,-1.5707955360412598,-1.5707967281341553,0.6849597692489624
-0.911929190158844,2.149494171142578,1.202552080154419,-2.6182236671447754,-2.8090438842773438,-2.981390953063965,-3.141592502593994,-0.3073665201663971,1.7890013456344604,-3.075241804122925,-2.24444317817688,2.6907479763031006,2.6087265014648438,-2.7594339847564697,1.6461849661197903e-09,-3.453865637936815e-09,2.6031969913020703e-09,-0.9745556712150574,1.1786001920700073,2.2213971614837646,1.4586594104766846,-0.004780341871082783,-3.4142258167266846,-1.3775832653045654,-1.570796251296997,-2.5484564304351807,-3.651383195801827e-08,-1.5707963705062866,-1.5707963705062866,5.039479270896926e-15,-1.570796012878418,-3.1415927410125732,1.5707963705062866,-1.5707964897155762,-1.5707958936691284,-0.7242637276649475,-2.1360931396484375,-1.4082648754119873,4.384985446929932,-1.5707967281341553,1.5707963705062866,-1.941324234008789
1.3678274154663086,-2.579392671585083,1.2025407552719116,2.6182236671447754,-2.8090476989746094,2.9813907146453857,-1.5309278751374222e-06,-2.151581287384033,2.683501958847046,-0.9668623805046082,1.1222217082977295,-2.0180611610412598,2.6086502075195312,-4.109969139099121,-4.3474836349487305,1.6433922052383423,-1.0194058418273926,1.5957311860770318e-11,-2.35720157623291,2.9618630409240723,1.8688888303586282e-07,-8.35683813815713e-11,1.1381416320800781,-1.3734643459320068,4.7123894691467285,1.540642093067479e-11,1.3318252278793352e-08,4.712389945983887,-3.1415939331054688,-1.5707961320877075,-1.5707963705062866,3.1415929794311523,-1.5707963705062866,1.5707956552505493,-1.5707964897155762,1.5680402517318726,-1.5201666355133057,1.5699782371520996,3.2444570064544678,-1.570796012878418,1.570796251296997,2.4995458126068115
1.4049983024597168,1.5320581197738647,-1.2025519609451294,-1.3081921339035034,-1.3979032039642334,-1.490695595741272,-1.373231291770935,-2.0388405323028564,0.8945006132125854,1.5376209020614624,3.365412473678589,-2.0180609226226807,3.9130866527557373,-2.7584567070007324,1.4492583274841309,-1.5153512954711914,0.19756509363651276,-4.991025370770785e-10,-2.3559248447418213,-1.4809314012527466,2.929421901702881,-1.5707961320877075,2.9403790600263102e-12,-2.7469289302825928,3.1415927410125732,-2.5484561920166016,3.1415927410125732,4.255833424386679e-13,3.1415929794311523,-3.1415927410125732,1.5707963705062866,-4.712390422821045,1.5707963705062866,-1.570796251296997,1.5707945823669434,-1.5707966089248657,1.5707974433898926,1.8296246528625488,-1.570796012878418,1.5707958936691284,-1.5707968473434448,1.570796251296997
