1.3601504564285278,1.6204676628112793,-1.96158766746521,1.6776245106639442e-13,3.4644360542297363,2.6664206981658936,2.8481647968292236,1.4200908893258202e-08,3.1415934562683105,0.7191579937934875,-0.8989474177360535,5.156753063201904,-2.3916780948638916,1.2224056720733643,-1.3023736476898193,-2.7981855869293213,-1.4191710948944092,-1.5100854635238647,1.5770072937011719,-2.126892328262329,-3.1415927410125732,1.570796251296997,3.141603469848633,-1.5707964897155762,1.5707961320877075,1.5707961320877075,1.5707963705062866,-1.5708118677139282,1.668265700340271,1.5707963705062866,4.451037406921387,1.5707956552505493,-1.9059439897537231
-1.6074472665786743,-1.6204675436019897,-6.008106083754683e-07,-2.2260375022888184,3.4644365310668945,2.666480779647827,2.8481650352478027,3.0037789344787598,-5.06355775087286e-07,-0.7191574573516846,4.494738578796387,-3.0940518379211426,2.39167857170105,3.667217969894409,-3.9071545600891113,2.7981860637664795,-1.4454143047332764,-1.5100828409194946,-1.5867574214935303,8.160535799106583e-06,-3.1415927410125732,-4.712389945983887,-3.141592264175415,-4.712359428405762,1.5707972049713135,-1.5707956552505493,1.5707975625991821,-4.712399959564209,4.690084457397461,1.5707974433898926,1.5715723037719727,1.6356009244918823,-0.5817665457725525
-2.59664249420166,-0.810147762298584,-2.942429304122925,1.1130225658416748,-1.7322206497192383,-1.333319902420044,1.4160468578338623,-1.502100944519043,-1.7720344066619873,-1.4383153915405273,1.7978944778442383,2.062697649002075,3.1889052391052246,-1.298647134717612e-06,2.6047472953796387,3.730919122695923,-1.8361162119617802e-06,-3.0201709270477295,-3.1415905952453613,1.0634453296661377,4.711948871612549,-2.624612989166053e-07,1.5707941055297852,1.5720114707946777,4.713023662567139,-1.5707942247390747,-1.5707929134368896,-1.5707342624664307,-1.5472081899642944,-3.1415934562683105,-1.5709646940231323,1.5680274963378906,-1.3567233085632324
-0.3709495961666107,-1.6204675436019897,1.9616193771362305,2.2260377407073975,-1.732217788696289,-2.666480779647827,2.8481645584106445,1.0840824415936368e-07,4.812356451111555e-07,-2.1574981212615967,2.6967945098876953,1.0314604043960571,1.594451665878296,-3.644683837890625,1.3002283573150635,-1.8961971998214722,1.4782220125198364,1.5254534482955933,-3.2236487865448,-3.190338373184204,-3.1257412433624268,-1.570797085762024,-5.869910069122852e-07,-4.706641674041748,-1.570199966430664,1.570612907409668,1.5707883834838867,1.5713438987731934,1.5707961320877075,3.1416006088256836,-1.5707963705062866,1.570794939994812,-1.8091808557510376
-0.5478836894035339,7.918702613096684e-05,-1.9616197347640991,2.2260379791259766,2.598327159881592,-3.0474514005618403e-06,-5.503303691511974e-05,0.0003186114481650293,-3.9246866703033447,0.7192621231079102,-0.8989466428756714,-3.0940513610839844,1.303328218682509e-07,3.6672191619873047,1.302422285079956,0.9327285289764404,-1.44572114944458,-1.5101503133773804,-0.7877027988433838,7.961012293833392e-09,-3.141592502593994,9.891530794448045e-08,-1.7990888778740555e-08,-1.5707950592041016,-1.570796251296997,1.570796012878418,1.5707963705062866,1.5707963705062866,-1.5707839727401733,1.570798635482788,1.5707963705062866,4.634289741516113,-1.5630500316619873
0.3709487020969391,1.6204673051834106,1.9616189002990723,-4.452075481414795,3.4644370079040527,3.2152463802503917e-08,-2.8481650352478027,2.811179911077488e-07,-3.141592025756836,0.7191573977470398,2.6968414783477783,-1.0313544273376465,2.391674280166626,-1.2222930192947388,-1.3038922548294067,-4.663495063781738,-1.445417046546936,1.5101290941238403,1.5735982656478882,-2.1314830780029297,3.141592025756836,-1.5707955360412598,-3.141592264175415,-1.5707952976226807,1.5708082914352417,-1.5707957744598389,-1.5706859827041626,-1.5857199430465698,-4.690192222595215,-1.5716960430145264,-1.5691428184509277,-1.5754069089889526,-1.3571244478225708
-2.596646308898926,3.240935802459717,3.778243922170077e-07,-4.452075004577637,-3.4644362926483154,1.5591235751344357e-06,2.8481650352478027,-2.1861772836473392e-07,7.60577279379504e-07,-2.1574230194091797,0.8988463282585144,3.093876600265503,-1.594452142715454,1.2224278450012207,-3.902733087539673,-1.8618547916412354,-1.4049655199050903,-4.524447441101074,3.1034953594207764,1.0634459257125854,-0.006061076652258635,1.5707948207855225,3.1415915489196777,1.5708304643630981,1.5708011388778687,-1.5707974433898926,-1.5707932710647583,1.570801019668579,-1.5707857608795166,-3.1415956020355225,-1.570709228515625,1.5707778930664062,2.5846123695373535
0.8655490875244141,-1.6204676628112793,1.9616185426712036,-2.2260377407073975,-1.7322182655334473,-2.6664810180664062,3.781609052566637e-07,-3.0037782192230225,3.1415929794311523,-0.7191579341888428,-0.8989310264587402,-1.0313522815704346,2.3916778564453125,1.2224030494689941,-1.3023736476898193,-0.9327284097671509,-1.445413589477539,1.509199857711792,-1.7640085220336914,-2.126892328262329,-9.233135500608114e-08,-1.5707966089248657,-1.9043773136218078e-07,-1.5743792057037354,-1.571067214012146,-1.5743927955627441,-1.5707969665527344,1.5678722858428955,1.5708099603652954,-1.5707961320877075,-1.5708099603652954,-1.5253071784973145,-1.3560025691986084
-0.12364982068538666,2.430701732635498,0.9808095097541809,-3.3390557765960693,-1.3783194141581134e-08,-1.3333605527877808,-4.243739128112793,-1.501888632774353,-0.8600350618362427,2.876631736755371,2.5938080572274202e-09,2.0627012252807617,-3.188904285430908,2.4448113441467285,2.6047472953796387,1.8654570579528809,2.8905696868896484,3.0201711654663086,5.656157853195509e-08,3.1903388500213623,-1.5707961320877075,3.1415927410125732,-1.5707963705062866,-4.712426662445068,-1.5709060430526733,1.5707924365997314,1.5707963705062866,4.712414264678955,1.570796012878418,-9.055310812300377e-08,-1.5036553144454956,-1.5707931518554688,-2.1666996479034424
2.34934663772583,1.6204677820205688,-6.0987761507647065e-09,-2.2260379791259766,-1.7322179079055786,-2.6664810180664062,-2.6421799859122075e-08,3.0037786960601807,3.1415927410125732,-2.1574738025665283,0.8989474177360535,-3.0940513610839844,0.7972261309623718,1.2226660251617432,3.907132148742676,0.9327259659767151,1.4322872161865234,-1.5100853443145752,0.4091138541698456,-4.2473602294921875,6.315153586911038e-05,-1.5707963705062866,3.141592502593994,-1.5707932710647583,1.570796251296997,-1.570796012878418,1.570875644683838,-1.5715981721878052,-1.5705957412719727,1.5707989931106567,-1.5708131790161133,-1.5790873765945435,-0.9138709902763367
-2.596646547317505,1.6204677820205688,3.9232375621795654,-2.2260379791259766,4.1177997900376795e-08,2.666480779647827,2.8481647968292236,3.2204723332540652e-09,-1.5703086830853863e-08,-2.1574738025665283,2.6968424320220947,3.0940513610839844,0.797226071357727,-3.6672165393829346,-1.3023736476898193,0.9327285289764404,-4.336246013641357,1.5100854635238647,-1.9083532094955444,4.243311882019043,3.141592264175415,1.570796251296997,-9.62986312913472e-09,1.5582756996154785,1.5707967281341553,-1.5707963705062866,1.5707911252975464,1.5707964897155762,-1.570796251296997,1.5707961320877075,-1.568690538406372,1.6100717782974243,1.6012822389602661
2.349346876144409,2.43070125579834,2.9424266815185547,3.3390567302703857,-1.7322136163711548,-1.3332139253616333,1.4250640869140625,4.505647659301758,-1.7005621194839478,-1.438315987586975,1.7978949546813965,1.6021569626545329e-09,-1.5944520235061646,-2.4448108673095703,-2.6047472953796387,1.865456461906433,2.8908300399780273,5.871817698732684e-09,-3.1415932178497314,3.1903817653656006,-1.5702950954437256,-3.1415927410125732,-1.5707963705062866,-1.5707968473434448,-1.5707916021347046,-4.707070827484131,4.711892127990723,-1.5183343887329102,1.569374680519104,-3.1408917903900146,4.712413787841797,-1.5706887245178223,0.5840232372283936
2.8439462184906006,-4.1483997392788297e-07,1.9616185426712036,4.636783330624894e-07,-1.7322180271148682,1.6939449665187567e-07,-2.8481645584106445,5.800606572847755e-07,3.141592502593994,0.7191571593284607,2.6968438625335693,-1.0313551425933838,-3.9861299991607666,-1.222401738166809,1.3028961420059204,0.9327284097671509,-1.4454175233840942,1.5100866556167603,-1.5721313953399658,-2.1269125938415527,2.988690823713114e-07,-1.5707963705062866,3.141592502593994,1.5708030462265015,1.5707961320877075,-1.5707989931106567,-4.712409019470215,-1.5707111358642578,4.6745991706848145,-1.5707839727401733,-1.6065025329589844,1.5895801782608032,2.0631446838378906
-0.12364982068538666,-5.304405359396469e-09,-4.90813834019832e-09,-2.2260379791259766,-1.7322179079055786,1.381993453009045e-08,-2.8481645584106445,-3.0037784576416016,-3.1415927410125732,-0.7191579341888428,0.8989473581314087,-3.094050884246826,2.3916778564453125,-1.2224055528640747,-3.907120704650879,-0.9327284693717957,-1.4454154968261719,-1.5100858211517334,-0.6058456301689148,4.243200778961182,-2.0666807643010543e-07,-1.570797085762024,5.043743200872086e-09,1.5707961320877075,-1.5707955360412598,1.580893635749817,1.570796251296997,1.5707963705062866,1.570797324180603,1.570796251296997,-1.570796251296997,1.5716720819473267,-0.3702754080295563
-1.8547476530075073,3.2409355640411377,1.8065235722272699e-12,9.602008858161648e-13,1.2489886902500302e-09,-2.7010847985370345e-12,-2.8481647968292236,3.0037784576416016,-2.697834311504721e-08,3.5957906246185303,0.8989473581314087,1.0313503742218018,-2.391618251800537,-1.2224057912826538,-1.302374005317688,0.9327618479728699,1.4454150199890137,-1.517686367034912,0.3968808352947235,2.13252329826355,-3.1415302753448486,-1.570796251296997,6.223199039423477e-12,-1.570796251296997,-1.5707956552505493,-1.5707966089248657,-1.5709456205368042,1.5707966089248657,-1.5707966089248657,-1.5761555433273315,1.5699020624160767,-1.570676565170288,1.407091498374939
-0.8655489683151245,-3.2409350872039795,3.9232380390167236,-2.2260379791259766,-1.7322182655334473,3.316912113859871e-07,-2.8481643199920654,-3.0037786960601807,-3.141591787338257,0.7191581726074219,-0.8989477157592773,-1.0312389135360718,-0.7972260117530823,1.2224217653274536,1.3023805618286133,-0.9327318668365479,1.4454121589660645,1.5097206830978394,0.5158032178878784,-0.00039574882248416543,-5.435530283648404e-07,1.5707956552505493,2.733214330419287e-07,-1.5636550188064575,1.5635217428207397,4.693380355834961,1.570809006690979,-1.565089464187622,1.570669412612915,1.570980191230774,1.609884262084961,-1.754501461982727,2.115551233291626
1.1128486394882202,2.430701971054077,2.9424335956573486,1.112993836402893,1.732217788696289,-1.3332418203353882,4.273594379425049,-4.505659580230713,1.5652176141738892,8.993085720554461e-10,1.1963797952319055e-08,-3.6434213424030304e-09,-3.188904047012329,-3.2295994767395086e-09,1.260916482337393e-09,-1.1507231079121993e-07,-1.2582562547436282e-08,7.610427843474099e-08,-3.141592264175415,-1.0634461641311646,1.5707969665527344,-3.141592502593994,-1.570796251296997,-4.712474346160889,1.5707978010177612,4.687836647033691,1.5707968473434448,1.5596102476119995,1.5726594924926758,3.1415927410125732,-1.5068687200546265,1.5707979202270508,-2.1747212409973145
3.0912461280822754,1.6204677820205688,7.377986577239426e-08,2.2260379791259766,1.7322183847427368,-2.666480541229248,-2.713623814543098e-07,-3.0037782192230225,-3.1415934562683105,-0.7191579341888428,0.8989476561546326,1.0313502550125122,0.7972260117530823,3.6672186851501465,1.3025293350219727,0.93272864818573,-1.4454113245010376,-1.5100889205932617,-1.8710132837295532,-2.1270995140075684,-1.5675604458920134e-07,-1.5707968473434448,2.1268056116241496e-07,-1.570791244506836,-1.5708529949188232,1.5650427341461182,1.570797324180603,-1.570838212966919,4.667201042175293,1.570538878440857,-1.5707967281341553,1.5732030868530273,3.3423585891723633
-1.1128486394882202,-2.430698871612549,0.9808144569396973,1.1130226850509644,-3.3224445417090465e-08,-1.332244634628296,1.4240673780441284,4.5059075355529785,-1.1966131925582886,2.8767168521881104,-8.32973467979059e-10,2.0627012252807617,4.08901579262988e-09,-5.28124033394306e-09,4.040452417086726e-10,-1.8654569387435913,1.591954479351898e-08,3.0201709270477295,-7.52593649622213e-08,-1.0634461641311646,1.556588888168335,-1.1531606247672244e-07,-1.5707963705062866,1.5707961320877075,1.5706689357757568,-1.5707966089248657,1.570798397064209,-1.5707955360412598,1.5708140134811401,3.811601345660165e-08,-1.5708657503128052,1.5707917213439941,1.5502023696899414
-2.597978115081787,3.241002321243286,-1.9616197347640991,4.451924800872803,-0.8661092519760132,-0.00023827025142963976,2.848092555999756,3.0037646293640137,1.1829264163970947,-2.1575722694396973,0.8989467620849609,-1.0314843654632568,9.856662330776089e-08,1.2221958637237549,1.3023102283477783,-0.9327278137207031,-1.4454282522201538,-1.419657588005066,-0.3878699243068695,-4.253783702850342,4.1308672393824963e-07,-3.1415934562683105,4.0489311459168675e-08,-1.5707964897155762,1.570794701576233,1.570796251296997,-1.5707961320877075,-1.570796251296997,1.5708061456680298,-4.712401390075684,-1.570807695388794,1.5707985162734985,1.570796251296997
-1.360148310661316,3.3469858828905075e-11,-1.9616189002990723,2.2260379791259766,-4.458117786043658e-08,-2.6664812564849854,2.8481645584106445,-1.593266176769248e-07,-3.141592502593994,-2.1574738025665283,-0.8989474177360535,1.0313504934310913,2.39167857170105,1.2224054336547852,1.3023735284805298,-0.9327282309532166,-1.4462255239486694,1.5101507902145386,1.570038914680481,-2.1202123165130615,3.141589879989624,-1.5707956552505493,3.1415927410125732,1.570794939994812,1.5707963705062866,-1.5707961320877075,-1.5707595348358154,-1.5707930326461792,-1.6116836071014404,-1.570798397064209,-1.5707980394363403,-1.5863633155822754,-1.0863943099975586
-1.2363725900650024,1.6205551624298096,1.9617522954940796,-0.00010764196485979483,2.598018169403076,-8.214045374188572e-05,2.848052501678467,3.0038580894470215,9.253016469301656e-05,2.8766932487487793,3.5957815647125244,-1.3493946426024195e-05,-2.3918135166168213,-2.444892168045044,2.604707717895508,1.8654587268829346,-2.8907718658447266,-8.442829857813194e-05,1.2859013622801285e-05,-1.063438057899475,-3.1415576934814453,1.569700837135315,1.5699697732925415,2.359351396560669,-3.1327123641967773,0.7371964454650879,3.141650438308716,-1.5050649642944336,0.9047725796699524,-1.570918321609497,-1.9075509309768677,-2.038111686706543,-2.272430896759033
-1.6074479818344116,-2.454497889659013e-11,-3.9232380390167236,2.2260379791259766,-1.7322180271148682,-2.6664810180664062,2.0092516539449434e-10,-3.0037782192230225,8.814968310844051e-08,-0.7191579341888428,-2.6968421936035156,-1.0313507318496704,-2.3916780948638916,1.2224056720733643,-3.9071216583251953,-2.7981858253479004,-1.4454134702682495,4.4899187088012695,1.9151114225387573,-1.5467083169795615e-09,3.2608351574481276e-09,-1.570796251296997,3.1415929794311523,-1.5707972049713135,1.5707963705062866,1.5707958936691284,1.5707956552505493,-1.570796251296997,1.570796251296997,1.5707963705062866,1.5707740783691406,-1.5516546964645386,0.1979386955499649
0.12364985048770905,-1.6204677820205688,-3.9232380390167236,-1.0202172440187951e-08,1.7322181463241577,9.898077912851022e-09,2.8481645584106445,3.0037782192230225,-3.1415927410125732,-0.7191579341888428,-0.8989473581314087,3.0940513610839844,-3.986130475997925,1.2224055528640747,1.3023737668991089,-2.798182964324951,-1.4454176425933838,-1.5100854635238647,3.283936023712158,4.24257755279541,-3.141604423522949,4.71238899230957,3.141592502593994,1.5707963705062866,-1.5707958936691284,-1.570796251296997,-1.5707964897155762,1.5707963705062866,-1.5707968473434448,-1.5707961320877075,1.5707954168319702,1.5718520879745483,0.5983402132987976
1.607447862625122,-2.430753707885742,-0.9808088541030884,-1.113093376159668,-1.7322181463241577,-1.3332171440124512,-4.249858379364014,-1.5018893480300903,-0.49231308698654175,-2.87663197517395,1.7978947162628174,2.0627009868621826,-1.5944520235061646,-2.4448111057281494,2.6047475337982178,-1.8654569387435913,2.8908300399780273,3.0201709270477295,-4.669567488235771e-08,3.190337896347046,-1.5707945823669434,-4.086592397811728e-08,-1.570796251296997,1.5644173622131348,1.5707789659500122,-4.690672397613525,1.5707964897155762,-4.6970415115356445,-1.5704848766326904,-3.079846067066683e-08,1.5708719491958618,-1.5707218647003174,0.590947151184082
1.6074427366256714,-3.240929365158081,-5.1304864427947905e-06,-1.2113539469282841e-06,3.464444160461426,-2.666480779647827,-5.005591106055363e-07,-3.0037829875946045,6.326295533654047e-06,2.1574811935424805,-0.8989465832710266,-3.093989610671997,-0.7972477078437805,1.2387444972991943,1.3023797273635864,-0.9327307343482971,1.4454199075698853,4.530609130859375,2.2495195865631104,4.253793239593506,-3.141613245010376,-1.5707796812057495,1.5608717149007134e-05,1.5706168413162231,1.5709469318389893,-1.5725927352905273,-1.570790410041809,1.5716612339019775,-1.5902152061462402,-1.5708194971084595,1.5708004236221313,-1.5875341892242432,3.343561887741089
-0.8655489683151245,-1.6204676628112793,1.9616190195083618,-2.2260377407073975,-1.7322180271148682,2.6664812564849854,-2.8481640815734863,3.0037784576416016,-1.9157120334512e-07,2.1574738025665283,-0.8989475965499878,1.0313506126403809,-0.003271551104262471,-3.6672167778015137,-1.3023250102996826,-0.43888571858406067,-1.4454151391983032,1.5111188888549805,1.6942329406738281,1.0618540048599243,-0.0010752684902399778,-1.570796251296997,-3.141592264175415,-4.68982458114624,1.5707465410232544,-1.5707955360412598,4.719011306762695,-1.5708448886871338,-4.681648254394531,3.1515583992004395,1.5709272623062134,1.570937991142273,1.7562321424484253
2.5966475009918213,6.124024398701522e-09,3.063137654635284e-08,1.960474982354299e-08,-1.73221755027771,-2.6664810180664062,-2.74508415998298e-09,2.295289078801943e-07,-1.2168172816018341e-06,0.7191582918167114,2.6968445777893066,-1.0313506126403809,2.0150428099441342e-05,1.2224271297454834,1.3028331995010376,-1.9072052240371704,-1.445414662361145,4.502359390258789,1.6050026416778564,-3.1903486251831055,3.113438129425049,1.5707974433898926,-3.1415927410125732,1.5708597898483276,-1.571176290512085,-1.5707956552505493,1.570216178894043,-1.5707974433898926,1.597625732421875,-0.0005753517616540194,-1.570776104927063,1.570796012878418,0.583559513092041
-1.8547476530075073,-2.430712938308716,-0.980809211730957,-1.1130188703536987,-1.7322150468826294,1.3332408666610718,1.4240823984146118,-1.505143642425537,0.34301459789276123,-1.438315987586975,1.797894835472107,-2.0627009868621826,-1.5944522619247437,2.071161686600931e-09,-7.928550260771772e-09,-3.7309141159057617,2.8908300399780273,-7.040643179578865e-09,-3.141592502593994,-1.0634456872940063,1.570075273513794,-4.892305671688746e-09,-1.5707963705062866,-1.5707738399505615,1.5723590850830078,1.5734891891479492,1.5716121196746826,1.5661262273788452,1.5707989931106567,-0.00022909579274710268,1.5173680782318115,-1.5718085765838623,0.6306832432746887
-2.596646547317505,1.6204679012298584,5.2355919599733625e-09,-2.2260372638702393,3.4644360542297363,-3.101128598359537e-08,-1.5181120360807654e-08,3.0037784576416016,-3.1415927410125732,-3.595789670944214,-0.8989496827125549,1.0313502550125122,0.0024362944532185793,1.2224072217941284,-1.3023738861083984,1.6817244291305542,1.4454084634780884,1.5101064443588257,-0.7156164050102234,1.0646347999572754,-2.1528438082896173e-05,-1.5707963705062866,3.1415927410125732,1.5707964897155762,4.710133075714111,-1.5707967281341553,1.586459755897522,1.5708389282226562,-1.514472484588623,3.1580774784088135,-1.5677639245986938,1.5707957744598389,2.548853874206543
0.8655492663383484,-3.2409355640411377,-1.9615918397903442,-4.795987283527647e-13,-3.4644360542297363,-8.420691647768007e-15,-6.233268834421324e-08,-3.0037784576416016,-3.141592264175415,2.1574738025665283,-2.6968421936035156,5.156750679016113,0.7972260117530823,-3.6672167778015137,-1.3023736476898193,-0.9327285289764404,4.336245059967041,1.5100854635238647,1.571150302886963,-2.126892328262329,3.141592502593994,-1.5707974433898926,3.4578811405753303e-15,1.5658352375030518,1.5707963705062866,-1.570796251296997,-1.5707963705062866,-1.5707963705062866,1.7108272314071655,1.5707963705062866,-1.5707963705062866,1.5707969665527344,1.0352377891540527
-3.0912461280822754,0.8103406429290771,-0.9807847738265991,1.1128075122833252,-1.7322180271148682,-3.9874329566955566,-1.42408287525177,-1.5018960237503052,0.5485190749168396,-1.438315987586975,-1.7978949546813965,-2.0627007484436035,-3.188904047012329,-2.4448111057281494,-8.309551269292115e-09,1.86545729637146,2.8908302783966064,3.0201709270477295,2.0851693705026264e-08,-3.190338373184204,-1.5707964897155762,-3.1415927410125732,1.5707963705062866,1.551470160484314,-1.5709013938903809,1.5503875017166138,1.570796251296997,1.570796012878418,1.5707966089248657,5.938148639472729e-09,-1.5707991123199463,-1.5707942247390747,1.740355372428894
-2.596646547317505,2.462163308791787e-07,-1.9616186618804932,1.5998370628267367e-08,-5.291556703923561e-07,2.666480302810669,-2.8481650352478027,-3.0037782192230225,-3.1415936946868896,0.7191577553749084,4.494736671447754,1.0313502550125122,-2.3916778564453125,3.6672160625457764,3.907121181488037,0.932728111743927,-1.445410132408142,-1.510084867477417,1.9229581356048584,-4.253770351409912,3.1415929794311523,-1.570796012878418,4.3955754591706864e-08,-1.5707966089248657,1.570796012878418,-1.5707930326461792,1.5707966089248657,-1.5707961320877075,-1.620501160621643,1.5707979202270508,-1.57078218460083,-1.5708099603652954,2.1771745681762695
-1.3601537942886353,-1.2271110790607054e-05,2.387746008025715e-06,2.226043701171875,3.4644415378570557,-5.8125504438066855e-05,2.8481602668762207,-1.5916602933430113e-05,3.141585350036621,3.5958251953125,0.8993468880653381,1.0313544273376465,-0.7945587635040283,1.222264051437378,3.8628346920013428,0.9327237606048584,1.4441337585449219,4.4693498611450195,-1.7131531238555908,2.1250357627868652,-1.9627774236141704e-05,1.5707727670669556,-1.4334736988530494e-05,-1.5708932876586914,-1.5899178981781006,1.5712796449661255,1.5791655778884888,-1.5692986249923706,-1.5695979595184326,1.570780873298645,-1.571821689605713,1.464431881904602,-0.5870546698570251
2.8439550399780273,1.6204677820205688,-3.9232325553894043,7.190537303358724e-07,-3.4644360542297363,-1.1124198863399215e-05,4.4149564928375185e-06,-3.0037708282470703,3.1415927410125732,0.7191579937934875,0.8989474177360535,-1.0313506126403809,3.9861302375793457,-1.2224055528640747,-1.3023737668991089,-0.9327285885810852,1.4454152584075928,-1.5100855827331543,-1.5289816856384277,2.12689208984375,-3.141592502593994,-1.5707966089248657,-7.453670554304504e-15,1.5703442096710205,-1.570788025856018,1.5707964897155762,-1.570796251296997,1.5708054304122925,1.437414288520813,1.5710513591766357,1.48959481716156,-1.5707958936691284,-1.3633003234863281
0.8655489683151245,-1.6204681396484375,6.850867606544853e-08,-2.2260382175445557,2.2716737646533147e-07,2.6664812564849854,-3.381634030574787e-07,-3.0037786960601807,3.141592502593994,-0.7191582918167114,2.6968281269073486,-1.0313507318496704,-0.7968515157699585,-3.6672170162200928,1.3023021221160889,-2.798191785812378,-4.315201759338379,1.4987610578536987,-0.01329692080616951,-2.1270627975463867,-7.26762891645194e-07,1.5707963705062866,-3.1415929794311523,-4.694374084472656,-1.570737600326538,1.5707899332046509,-1.571126937866211,-1.570796012878418,1.5707927942276,-1.5719242095947266,-1.5707130432128906,1.904430866241455,1.0813870429992676
0.618249237537384,-3.2409355640411377,-3.9232380390167236,2.2260377407073975,-3.4644360542297363,-2.6664810180664062,2.8481647968292236,-4.04032363121587e-08,6.569509025666775e-08,-0.719157874584198,0.8989474177360535,1.0313506126403809,-0.7972261309623718,-1.2224057912826538,1.3023737668991089,2.7981855869293213,1.4454150199890137,1.5100857019424438,1.5458354949951172,2.117004632949829,3.1415927410125732,-1.5707972049713135,-3.1415929794311523,4.700585842132568,1.571027398109436,-1.5707957744598389,4.71238899230957,1.5705503225326538,-1.5707969665527344,4.712381839752197,1.541762351989746,-1.5716028213500977,-3.527299404144287
-2.3493475914001465,3.240935802459717,-3.9232380390167236,2.2260382175445557,1.7322181463241577,2.666480541229248,-2.8481662273406982,3.0037786960601807,-4.382841893857403e-07,2.157473564147949,2.6968564987182617,3.0940518379211426,-0.7971991300582886,-1.2223328351974487,-1.3006905317306519,2.798198938369751,-1.4454163312911987,1.5101391077041626,-0.186030313372612,4.253260135650635,3.1416029930114746,-1.5707950592041016,3.141592025756836,-1.5707560777664185,4.693855285644531,1.5707948207855225,-1.5712690353393555,-4.704565525054932,-4.69433069229126,1.5707058906555176,1.5708400011062622,-1.6891142129898071,-0.6518258452415466
2.1020472049713135,1.6204676628112793,-1.9616189002990723,-2.2260377407073975,1.7322180271148682,2.6664812564849854,1.194275789373478e-10,-3.0037782192230225,2.530628933072876e-07,0.7191579937934875,0.8989473581314087,-1.0313503742218018,0.7972108125686646,1.2224053144454956,3.9071195125579834,2.798184633255005,-1.4454151391983032,-1.5100858211517334,2.7349798679351807,4.251836776733398,1.4042240703560083e-09,1.570796251296997,3.141592502593994,-1.570796251296997,-1.5707800388336182,1.5707963705062866,1.570441722869873,4.7123847007751465,-1.5707592964172363,-1.5782115459442139,1.571953535079956,-1.5707932710647583,0.28685659170150757
-0.618249237537384,-1.2827549022986773e-09,1.9616189002990723,-2.2260377407073975,-1.7322180271148682,1.645347502687855e-08,2.8481647968292236,-3.0037784576416016,2.0514869447652018e-07,0.7191579937934875,-0.8989510536193848,-3.0940513610839844,-0.797226071357727,-3.667217493057251,1.302374005317688,-2.7981855869293213,-1.445433259010315,1.5100860595703125,-0.02378064952790737,2.12689208984375,-3.1415927410125732,1.5707963705062866,3.141592502593994,1.5705654621124268,1.5669435262680054,-1.5707929134368896,1.5707963705062866,1.5707958936691284,-1.5162403583526611,1.5707963705062866,-4.70097017288208,-1.5741674900054932,-0.8234507441520691
2.1020472049713135,3.240950584411621,-1.9616190195083618,-7.660779129115003e-12,-7.808410493713447e-14,-4.314324938969882e-12,-2.8481647968292236,-2.7291688908803735e-09,8.06881743642407e-08,0.7191580533981323,-4.495113849639893,3.093848943710327,-1.594452142715454,-1.2232424020767212,-1.3028686046600342,1.8654569387435913,-1.508657693862915,2.821692532961606e-07,0.004548075143247843,-3.190338373184204,1.5707966089248657,1.5707961320877075,-3.1416285037994385,1.5707964897155762,1.5708802938461304,-1.5707963705062866,1.5707963705062866,-1.5707532167434692,1.570853590965271,-3.6102214560950266e-14,-1.570725440979004,-1.5707963705062866,0.8496487736701965
1.6074479818344116,-0.8102319240570068,0.9808063507080078,-1.1130173206329346,1.7322179079055786,1.3332281112670898,-1.414460301399231,-1.4688396453857422,-1.9584964513778687,-2.9755339858716923e-10,-3.595789670944214,2.0627009868621826,-1.5944520235061646,-2.4448113441467285,6.945125030632937e-10,-1.8654571771621704,-1.1790032949932083e-08,-3.0201706886291504,-3.141592502593994,-1.063446283340454,1.570796251296997,-6.840978339361925e-10,-1.5707963705062866,-1.5707998275756836,1.5707491636276245,1.5707964897155762,-1.5707963705062866,-1.577979326248169,-1.5709432363510132,-3.141592502593994,-1.5515873432159424,-1.5707964897155762,-2.55029034614563
-1.8547476530075073,-4.051164150238037,-0.9808223247528076,-1.1130192279815674,-3.807700110769474e-08,-1.333258867263794,-4.251584053039551,-4.474390029907227,2.7524194717407227,-2.876648426055908,-3.595789670944214,-2.0627007484436035,3.7382140050112866e-08,2.0869695305236746e-08,2.6047475337982178,-3.7309141159057617,-4.4391819109534936e-09,3.0201711654663086,1.974646757219034e-08,3.190338134765625,-1.5707961320877075,-3.1415927410125732,-1.5707963705062866,1.5708214044570923,1.5709162950515747,-1.5707842111587524,-1.5707958936691284,1.54561185836792,1.5728074312210083,-3.1415927410125732,-1.5708773136138916,1.5707963705062866,-2.143925905227661
-2.8439464569091797,5.7026547928273885e-09,-1.9616189002990723,2.2260375022888184,1.7322179079055786,-2.6664812564849854,2.8481647968292236,3.0037784576416016,-3.1415929794311523,3.595789670944214,0.8989473581314087,3.0940494537353516,0.7972261309623718,1.2224055528640747,1.2921197414398193,-2.798185348510742,-4.328924655914307,-1.510043978691101,1.5613906383514404,-2.12689208984375,-3.141592502593994,-1.5707963705062866,3.1415927410125732,1.5707929134368896,-1.5707963705062866,1.570797085762024,4.712390899658203,-1.5708545446395874,-1.570794701576233,1.570796251296997,-1.57079017162323,-4.623713493347168,-2.5560100078582764
1.8547474145889282,3.240936279296875,-1.9616189002990723,-2.2260372638702393,1.7322173118591309,-2.549393585127291e-09,1.837727658937638e-08,-3.0037784576416016,7.614028731950384e-07,-2.1574742794036865,-2.6968443393707275,-1.0313469171524048,-0.7972272038459778,3.667222738265991,-1.3023689985275269,2.798185348510742,1.4454103708267212,1.5100864171981812,-0.06126375496387482,-2.1268932819366455,5.744424811382487e-07,1.5707963705062866,2.306659894202312e-07,-1.570794939994812,1.5711554288864136,-1.5708086490631104,-1.5707902908325195,1.5683647394180298,1.5702210664749146,-1.570796012878418,1.5114563703536987,-1.6256510019302368,0.9765160083770752
-0.12364986538887024,1.6204677820205688,1.9616190195083618,-2.7580255856918257e-09,-1.7322179079055786,1.2842775731769507e-09,3.5780687301922853e-09,-3.0037784576416016,-3.1415929794311523,2.157473564147949,-2.6968421936035156,-1.0313506126403809,1.431123877182472e-07,-1.2224054336547852,1.3023736476898193,-3.7661521434783936,-1.4454151391983032,-1.4555015563964844,1.0791159868240356,-1.063446283340454,-3.0847017765045166,1.5707961320877075,-3.141592502593994,1.570796251296997,-1.5707963705062866,-1.5707570314407349,-1.5707913637161255,-1.5707963705062866,1.5708187818527222,-4.9132299864140805e-06,1.570797324180603,1.5707993507385254,-1.7664718627929688
-2.101794481277466,1.6204676628112793,-3.9232380390167236,-2.2260372638702393,3.464437961578369,-2.6664910316467285,-2.8483288288116455,-3.003552198410034,-3.1415929794311523,0.7191579341888428,-2.6968421936035156,-3.094043493270874,-0.7972350716590881,1.222404956817627,3.907120943069458,0.9327285885810852,-1.4454150199890137,1.5100854635238647,1.5727514028549194,1.2989416120490205e-07,-3.1415927410125732,4.7125115394592285,3.141592264175415,-1.570656657218933,1.5704383850097656,-1.5707963705062866,1.5707963705062866,-1.5194388628005981,1.4647196531295776,4.71238899230957,1.7178151607513428,-1.5238529443740845,-1.5708284378051758
1.112846851348877,-3.240936040878296,1.9616214036941528,2.2260382175445557,-2.630352753385523e-07,2.128855157934595e-06,2.8481650352478027,3.0037765502929688,3.1415963172912598,-2.1574747562408447,2.6968438625335693,-3.094048500061035,-2.3916759490966797,-3.6672139167785645,-1.3023707866668701,0.9327267408370972,-4.336243629455566,-1.5098053216934204,1.5631461143493652,9.156291525869165e-06,-9.514560588286258e-06,4.712391376495361,3.1415936946868896,1.5707979202270508,1.5708158016204834,-1.5706772804260254,-1.570778250694275,1.5707968473434448,1.5708993673324585,1.5707916021347046,-1.5661675930023193,-1.490738034248352,-2.55814790725708
0.8655486106872559,-1.6204677820205688,1.5749118631447345e-07,4.452075481414795,-7.772045051979148e-08,2.6664812564849854,-2.8481650352478027,-1.6010115189146745e-07,-3.141592264175415,3.595790147781372,-0.8989471793174744,-1.0313509702682495,3.986131191253662,3.6672167778015137,-1.3023730516433716,2.7981855869293213,-1.4454131126403809,-4.530335903167725,-2.295552968978882,2.12689208984375,-3.141592502593994,-1.5707932710647583,3.1415929794311523,-1.5707964897155762,-1.5707961320877075,-1.5707941055297852,1.5707964897155762,1.5707964897155762,1.5698710680007935,-1.5707963705062866,-1.4945696592330933,-1.5287284851074219,0.29313308000564575
-2.349346876144409,1.6204676628112793,1.9616187810897827,-2.2260379791259766,9.47949892546188e-15,2.6664812564849854,-2.8481645584106445,-3.0037784576416016,-5.939522225162364e-07,-0.7191580533981323,2.696843147277832,-1.031349778175354,3.188904285430908,1.2224054336547852,-1.3023734092712402,1.8658815622329712,1.4454588890075684,-4.4463276863098145,0.0009337918600067496,-1.0634464025497437,-3.0514683723449707,1.570796251296997,3.141592502593994,1.5707963705062866,1.570796251296997,1.570796251296997,1.5707963705062866,-1.5707963705062866,1.570796251296997,-4.319250379580808e-08,-1.5707963705062866,-1.570797324180603,0.6551911234855652
2.596646785736084,-3.430191908293523e-09,1.9616189002990723,-1.0717631226953017e-09,3.4644358158111572,2.0407566747593364e-09,-2.8481647968292236,2.7908933830644855e-08,1.1739445682223959e-07,-3.595789909362793,-0.8989474177360535,1.0313504934310913,-1.597817301750183,1.2224056720733643,1.3023737668991089,-0.3833709955215454,-1.4496403932571411,-4.530317306518555,0.6550549268722534,3.192070245742798,-3.1416547298431396,-1.5707963705062866,-1.618048584006715e-09,1.5707963705062866,-1.571555733680725,-1.5707924365997314,1.5618189573287964,-1.5699021816253662,1.5707967281341553,-3.1298186779022217,1.5071301460266113,1.57080078125,-0.1804266721010208
-0.6182491779327393,3.240936040878296,-1.9616190195083618,-2.631457274304694e-10,1.7047551521473525e-12,4.751312676631869e-10,2.8481647968292236,3.0037782192230225,3.141592502593994,2.157473564147949,0.8990803956985474,1.0314241647720337,6.467514301888855e-10,3.6671969890594482,-1.3366373777389526,-1.8654569387435913,-1.4789687395095825,3.991640551248565e-05,-3.1391496658325195,3.190338611602783,-1.570756196975708,1.570796251296997,-2.510209014872089e-06,1.5707963705062866,1.5707963705062866,-1.570796251296997,-1.5707966089248657,1.5707968473434448,-1.5702954530715942,3.1415927410125732,-1.570809006690979,-1.5707966089248657,-1.9051700830459595
0.059601277112960815,-2.431389570236206,2.942434549331665,3.3394901752471924,0.8654779195785522,1.333778738975525,-2.848297357559204,-1.5018917322158813,-1.5708916187286377,2.157409906387329,-0.8991644978523254,1.0318135023117065,2.3917527198791504,-3.6676459312438965,-2.605466842651367,1.8652141094207764,1.445353627204895,-3.0197813510894775,-1.5719445943832397,-3.1897318363189697,-0.0008605309412814677,-1.5715850591659546,1.5709503889083862,-0.5094273090362549,0.1611647754907608,2.807581663131714,3.141016960144043,2.088326930999756,-1.9592856168746948,-1.5699175596237183,1.5709518194198608,-2.406895160675049,1.5736095905303955
-0.865548849105835,1.6204677820205688,3.9232380390167236,2.2260379791259766,3.4644358158111572,-2.197954351856879e-08,2.8481647968292236,-3.0037784576416016,-3.141592502593994,-0.7191579937934875,0.8989474773406982,-1.0313503742218018,-0.7972261309623718,-3.6672167778015137,-1.3031501770019531,-2.7981855869293213,1.445414423942566,-1.5100855827331543,1.856912612915039,4.565901235764613e-06,3.5088913108438646e-08,-1.5707963705062866,-3.141592502593994,1.5707966089248657,1.5890017747879028,1.570794701576233,1.5707942247390747,1.570796251296997,-4.691629886627197,1.5707963705062866,-1.5074279308319092,-1.570796251296997,-2.176487684249878
-1.3601481914520264,3.2409353256225586,5.068476562931912e-13,2.2260377407073975,3.4644360542297363,2.666480541229248,-4.954346394941966e-13,3.0037782192230225,-5.505664191218784e-08,2.1574742794036865,-0.8989474177360535,-1.0313506126403809,-3.9861299991607666,3.667217493057251,1.3023744821548462,-0.9327285289764404,-1.4452669620513916,4.433559894561768,0.01860743947327137,2.12689208984375,2.5315964879979447e-09,-1.5707963705062866,-3.1415927410125732,-1.5707966089248657,-1.5707964897155762,1.5707963705062866,-1.570796251296997,1.570796251296997,-4.712390422821045,1.5707963705062866,1.5707963705062866,-1.7093662023544312,-0.44447922706604004
-2.34934663772583,-0.8102332353591919,-0.9808135628700256,1.113065242767334,-1.7322180271148682,-1.3332403898239136,1.4240834712982178,-1.5037152767181396,1.5671848058700562,2.87663197517395,1.7978949546813965,2.0627012252807617,3.188904047012329,2.4448800086975098,2.9216324914926872e-09,1.8654576539993286,-2.8908302783966064,1.1750015183054074e-08,-3.1415915489196777,-1.0634461641311646,1.5708258152008057,-3.1415927410125732,1.570796251296997,1.539383053779602,-1.5707355737686157,1.5707963705062866,-1.5708063840866089,-1.5707956552505493,4.697014331817627,-1.6071708159870468e-05,-1.5707956552505493,-1.5707874298095703,-0.97420334815979
-3.091273069381714,3.2409145832061768,3.9232187271118164,1.0493655281607062e-05,1.7322419881820679,1.1578640624065883e-07,-2.848184108734131,2.9724942578468472e-05,-3.1415367126464844,0.7191784381866455,-0.8983840942382812,-1.0324227809906006,-2.3916242122650146,-1.2219752073287964,-1.2991853952407837,-1.8629521131515503,1.4081244468688965,-3.1833386421203613,-2.2803421020507812,2.1269075870513916,-1.575249195098877,-1.5705604553222656,6.401397058652947e-06,-1.570833444595337,1.5742015838623047,1.5708179473876953,-1.5707781314849854,1.5707658529281616,-1.5707520246505737,-1.6006219387054443,-1.5460439920425415,3.1110305786132812,-1.351012945175171
-2.609670639038086,1.6204677820205688,-2.9424283504486084,-1.1130188703536987,3.4644360542297363,1.3332403898239136,2.8481645584106445,4.80676760616916e-08,3.1415927410125732,1.4383158683776855,-2.6968421936035156,-1.0313503742218018,3.188904285430908,1.2224056720733643,2.6047472953796387,1.8654570579528809,-2.8908300399780273,3.0201711654663086,-2.828544722888182e-07,-1.063446283340454,-1.5696858167648315,-1.570796012878418,1.5707967281341553,-1.5707322359085083,1.507194995880127,3.720886468887329,-1.5708833932876587,1.4831492900848389,1.0938451290130615,3.141594886779785,3.110294818878174,1.5694557428359985,-0.544835090637207
-0.8655490279197693,-1.0978123299310028e-08,-7.51979545299264e-09,-2.2260379791259766,5.246286072235762e-09,2.666480302810669,-8.96710190545491e-08,1.667567417484861e-08,-9.615913398874909e-08,-0.7191579341888428,2.6968421936035156,3.0940513610839844,0.7972255945205688,-3.667215347290039,-3.9071202278137207,2.7981603145599365,-1.4454151391983032,1.5100857019424438,-1.570552110671997,4.249691486358643,3.1414172649383545,1.5707972049713135,-3.1415927410125732,-1.570796251296997,-1.5707963705062866,1.568090796470642,-1.5707846879959106,-1.570796251296997,1.5410937070846558,1.570796251296997,-1.5708000659942627,-1.5695381164550781,-2.023874044418335
-0.3709491789340973,-3.2409355640411377,3.923238515853882,-2.2260384559631348,-1.7322181463241577,2.174767956830692e-07,-2.8481647968292236,-3.0037782192230225,3.1415927410125732,2.1574738025665283,2.6968419551849365,1.0313506126403809,-0.797203004360199,1.2224043607711792,-1.3023735284805298,0.9327307939529419,-4.3331427574157715,-1.50994873046875,1.4756274223327637,0.004385821986943483,3.1416265964508057,-1.5707967281341553,-3.141592264175415,-1.5707913637161255,-1.5707942247390747,-1.5707972049713135,-1.5706454515457153,1.5708367824554443,1.5184091329574585,-1.5762563943862915,-1.5708132982254028,1.5199315547943115,-1.484379529953003
0.37094956636428833,2.2680143985098766e-08,-1.9616190195083618,3.8813631419998273e-08,-4.221503147050498e-08,2.666480779647827,2.8481645584106445,-3.028363337875817e-08,-3.1415929794311523,-0.7191575169563293,-0.8989474177360535,-1.0313504934310913,0.7972254157066345,-3.6672165393829346,-1.3023737668991089,-2.798185348510742,1.4454147815704346,-1.5100857019424438,-0.021519271656870842,-2.1269335746765137,-1.3290429201617826e-08,4.71238899230957,-3.141592502593994,-1.5707964897155762,1.5708409547805786,-1.5707963705062866,-4.712384223937988,-1.5708436965942383,1.5601154565811157,-1.5708012580871582,1.5022106170654297,-1.7797414064407349,-0.27093783020973206
2.596646785736084,-1.6204679012298584,-1.9616190195083618,1.4968366102152686e-08,6.7465224518059586e-09,-6.813325903465284e-09,-2.8481645584106445,3.0037784576416016,1.8875495300108014e-07,0.7191579341888428,-2.6968421936035156,1.0313504934310913,2.3916780948638916,1.2224055528640747,-1.3023737668991089,0.9327285289764404,-1.4454200267791748,1.510083556175232,-2.1375038623809814,-4.24282169342041,-2.8845638766483717e-08,-4.712388038635254,3.1415927410125732,-1.5707963705062866,-1.570796251296997,1.5707963705062866,1.5707964897155762,1.5707939863204956,1.570363163948059,1.5707961320877075,1.5661503076553345,1.5719226598739624,-1.4173537492752075
-1.360148310661316,-4.051167964935303,-0.9808124303817749,3.3390567302703857,2.3597747755843557e-08,1.3332405090332031,-1.4240821599960327,4.504855155944824,0.007944885641336441,-1.4383161067962646,-3.5957894325256348,2.7072097341651613e-10,-1.5944520235061646,-2.4448108673095703,-2.6047472953796387,1.8654570579528809,2.8908298015594482,3.0201709270477295,-3.1415927410125732,1.0634459257125854,-1.5707963705062866,2.9882893382016107e-10,-1.570796251296997,1.5708352327346802,4.712465763092041,-1.5707980394363403,1.5707963705062866,-1.5682430267333984,1.5707930326461792,-9.932478839402847e-09,1.5707968473434448,-1.5871522426605225,0.26017245650291443
2.1020474433898926,3.2409353256225586,-6.453213075019448e-08,-1.3265072595913807e-08,3.4644362926483154,-2.6664812564849854,2.8481645584106445,-3.0037782192230225,-3.141592502593994,-0.7191580533981323,-0.8989474177360535,-1.0313504934310913,-0.0001548867585370317,-1.2224054336547852,-1.3023738861083984,-1.9930012226104736,1.4454463720321655,1.5102019309997559,1.4914557933807373,-3.190260887145996,-3.1414685249328613,-1.570796012878418,6.019694609449289e-08,1.5707963705062866,1.5707963705062866,1.5707963705062866,1.5693467855453491,-1.5707950592041016,-1.5707992315292358,-3.140103816986084,-4.626465797424316,1.570867657661438,1.0170788764953613
2.3493473529815674,-1.6204677820205688,1.961619257926941,-4.452075958251953,9.349477636533265e-08,9.105939113851491e-08,4.723954205587688e-08,-1.459725069707929e-07,-3.1415932178497314,2.1574740409851074,2.6968395709991455,-1.0313490629196167,-2.3916778564453125,-3.6672170162200928,-1.303678035736084,-2.798184871673584,-1.4454150199890137,-1.510085105895996,-2.047335386276245,-4.253684043884277,1.9953927221649792e-07,-1.5707963705062866,1.4681610593925143e-07,-1.570777416229248,-1.613708257675171,1.5707777738571167,1.570744514465332,-1.5708158016204834,1.572338342666626,-1.5707995891571045,1.5708085298538208,1.5623410940170288,3.3459091186523438
1.8547470569610596,2.430697441101074,-0.9808346629142761,3.3390557765960693,1.6397001090240337e-08,1.3331822156906128,1.4241125583648682,1.5040720701217651,1.5682169198989868,1.4383153915405273,1.7978938817977905,-7.013373419795244e-07,-3.188904047012329,2.444810628890991,6.521680973037292e-08,-1.8654565811157227,2.890829563140869,-3.0201709270477295,3.211534647107328e-07,-1.063446283340454,1.5707658529281616,3.1415939331054688,-1.570797324180603,-1.5707844495773315,-1.5707989931106567,1.5707939863204956,1.5707981586456299,1.570797085762024,-1.5222773551940918,-3.3320628745059366e-07,1.5707993507385254,1.5710805654525757,2.5717713832855225
-2.349346876144409,-0.810232937335968,4.9040422439575195,1.1130191087722778,1.7322180271148682,1.3332438468933105,-1.4240652322769165,1.470893383026123,4.391541004180908,-1.4383161067962646,1.797894835472107,2.0627009868621826,-1.5944520235061646,-2.4448111057281494,1.5027716848692307e-09,-7.597428179906274e-07,2.8908302783966064,3.0201711654663086,3.1415929794311523,-3.190338611602783,1.5707958936691284,-3.1415927410125732,1.5707963705062866,-1.570796012878418,1.5708065032958984,-4.71238899230957,-1.570796251296997,1.5505398511886597,1.5708227157592773,2.118860997768479e-08,1.5703511238098145,1.5806841850280762,0.5806517004966736
-2.102353811264038,-1.6206777095794678,1.9616191387176514,2.2261970043182373,1.7322171926498413,-5.309899364647208e-08,4.2773163499987277e-07,3.003800630569458,-3.6704527701658662e-06,-0.7191579937934875,-2.6968421936035156,-1.0313504934310913,0.797226071357727,-3.6672165393829346,-1.3023741245269775,2.7981855869293213,-1.4503331184387207,-1.5100855827331543,-3.034017324447632,-0.0006007681949995458,-7.169475679802417e-08,-1.570796012878418,8.880485236062441e-10,-1.5707488059997559,1.570796251296997,4.710991859436035,-1.570796251296997,-1.570796251296997,1.5801879167556763,1.5707964897155762,-2.2310378551483154,1.5699366331100464,-1.0368800163269043
2.3493471145629883,3.2409355640411377,-1.9616190195083618,1.1893719431554928e-07,1.7322180271148682,2.666480779647827,-1.2582935582372556e-08,1.1249465359242095e-07,3.1415932178497314,0.7191573977470398,-0.89894700050354,-3.094052791595459,-2.3908114433288574,1.2224215269088745,-1.302317500114441,0.9327285885810852,-4.336259841918945,-1.5100852251052856,-2.696000576019287,-2.1268129348754883,-4.887344928761195e-08,-1.5707935094833374,3.1415929794311523,1.5707968473434448,1.5707941055297852,1.570796251296997,4.712477207183838,-1.5707966089248657,-1.616611123085022,-1.570794701576233,1.5707981586456299,-1.5707964897155762,-2.088890790939331
-2.3493473529815674,-1.6204679012298584,-1.9616190195083618,-2.2260372638702393,1.7322179079055786,2.6664810180664062,2.8481645584106445,3.0037786960601807,3.1415932178497314,2.1574742794036865,2.696857452392578,-1.0313527584075928,1.5944504737854004,-1.222407341003418,1.3023738861083984,2.0449116230010986,-1.4457406997680664,1.5110342502593994,-1.3258514404296875,-1.0634452104568481,-3.1405892372131348,-1.5707958936691284,6.034901645080026e-08,-1.570810079574585,4.676882743835449,-1.5708214044570923,-1.5708084106445312,-1.5707999467849731,1.5707958936691284,-3.141580820083618,-1.5451182126998901,1.5707767009735107,-2.5601375102996826
-1.854748010635376,2.4307146072387695,2.942427158355713,1.1130993366241455,-1.73221755027771,1.3332411050796509,-4.262337684631348,-1.5018894672393799,0.8173113465309143,2.876631021499634,1.7978949546813965,-2.998520471919619e-07,1.5944509506225586,-2.4448091983795166,2.6047472953796387,1.865457534790039,-7.138407198681307e-08,-5.427392224532923e-08,3.141587734222412,-1.0634480714797974,-1.5707968473434448,-3.141594171524048,1.570794939994812,1.5708433389663696,-1.5714190006256104,-1.570770025253296,-1.5707950592041016,1.5708280801773071,1.5704375505447388,-3.1415927410125732,1.6441389322280884,-1.5728241205215454,-1.424637794494629
0.6182487607002258,3.2409350872039795,-3.9232370853424072,-2.833138239566324e-07,-1.7322180271148682,2.055554375601787e-07,-1.5032611599963275e-07,-3.003779411315918,2.2656438147805602e-07,3.595790147781372,-4.494738578796387,-1.0313506126403809,3.986130714416504,-3.6672160625457764,1.3024863004684448,0.9327283501625061,1.4459387063980103,1.4704737663269043,-0.07317395508289337,8.114223419397604e-06,-3.1415927410125732,1.5707963705062866,-3.141592502593994,1.5707958936691284,-1.5676137208938599,-1.5707963705062866,1.570796012878418,1.5707968473434448,1.5704759359359741,-1.5707964897155762,-1.6163169145584106,-1.5759762525558472,-1.7265397310256958
-2.3493471145629883,-0.8102337718009949,2.94242787361145,-1.113014578819275,-1.1823042456171606e-07,-3.999704122543335,1.4240784645080566,-1.501927375793457,1.9537932872772217,-1.438315987586975,-3.5957894325256348,6.043476474815179e-08,3.188904047012329,-2.4448115825653076,2.6047472953796387,-1.8654571771621704,-3.611737042774621e-08,-3.0201714038848877,3.141592502593994,1.0634461641311646,-4.712388038635254,3.1415929794311523,1.5707963705062866,-1.5707978010177612,1.570796251296997,1.5707955360412598,-1.570796251296997,1.5707958936691284,1.5805420875549316,5.964474780739693e-08,1.570793867111206,1.5842632055282593,-1.3386638164520264
0.12364985048770905,-1.6204677820205688,3.9232380390167236,2.2260379791259766,-1.7322180271148682,2.666480779647827,-1.0540036399220298e-08,-3.0037779808044434,3.141592502593994,2.1574738025665283,2.6968421936035156,3.094050884246826,-2.3916218280792236,1.2224056720733643,-1.3023736476898193,-4.663642406463623,-1.4454154968261719,1.509567379951477,-3.986952066421509,2.1219894886016846,-0.00011306637316010892,1.5707963705062866,3.141592502593994,1.5707964897155762,-1.570796251296997,-4.712062835693359,-1.5707803964614868,-1.5707955360412598,-1.5707980394363403,1.5772863626480103,1.5707966089248657,1.5709580183029175,-1.6156775951385498
3.338545560836792,-4.051175117492676,2.9424729347229004,-1.1130188703536987,8.315367061584311e-09,-1.3332405090332031,-1.4240806102752686,1.5018891096115112,-3.401430606842041,2.87663197517395,1.797894835472107,4.125401973724365,2.498029161301929e-08,2.4448108673095703,-2.6047475337982178,1.8654568195343018,-2.572930490885028e-08,3.0201709270477295,-3.1415927410125732,3.190338373184204,-4.71238899230957,-3.1415927410125732,-1.5707963705062866,1.5712778568267822,-1.5708016157150269,1.570796251296997,-1.5707963705062866,-1.5707967281341553,-1.5264133214950562,3.141592502593994,-1.621830940246582,-1.5708305835723877,-1.0244903564453125
2.349346876144409,1.6204676628112793,1.9616190195083618,-2.2260375022888184,3.4644360542297363,2.6664810180664062,-1.1180867787174975e-08,-3.0037784576416016,-1.5358669713805284e-07,-3.595789670944214,0.8989472985267639,1.0313504934310913,3.9861302375793457,1.2224055528640747,3.907118797302246,0.9327289462089539,1.4449983835220337,-4.5309319496154785,1.526279330253601,2.126830816268921,3.3627543416514527e-07,-1.5707963705062866,-1.8049799876962425e-08,-1.5707963705062866,1.5707961320877075,1.5707989931106567,-1.5707932710647583,1.5707972049713135,-4.671294689178467,1.570834755897522,-4.6833415031433105,-1.6988794803619385,-2.5611746311187744
1.3601481914520264,1.6204677820205688,1.9616190195083618,9.683009949412735e-10,8.3144513496336e-09,-2.6664810180664062,2.8481647968292236,-3.320772545833961e-09,-8.375478444122564e-08,0.7191586494445801,0.8989487290382385,1.0313177108764648,0.00019466044614091516,-3.6672215461730957,-1.2951433658599854,0.015844903886318207,1.400160789489746,-1.4469083547592163,-3.146080255508423,-3.1902413368225098,3.076939821243286,1.5707961320877075,4.930137009750979e-08,1.570796012878418,1.5707972049713135,-1.5707964897155762,-1.5857809782028198,1.5707963705062866,-1.5707963705062866,-0.014977640472352505,-1.5707957744598389,-1.5707961320877075,0.6391432881355286
0.12364982068538666,5.878964870476011e-09,7.20111685836855e-08,6.00741714151809e-08,-2.788673292286603e-08,-2.6664810180664062,-1.353204126530727e-08,3.0037782192230225,7.191569295628142e-08,-3.5956530570983887,4.49473762512207,-3.094050884246826,0.0002568043128121644,-3.66721773147583,3.9071226119995117,-2.0127949714660645,1.434851050376892,4.5302653312683105,1.2631531953811646,-1.0633174180984497,-9.940993550117128e-06,1.5707963705062866,-3.1415927410125732,-1.5944485664367676,1.5613884925842285,1.5707976818084717,-1.5728696584701538,-1.570826530456543,-1.5708492994308472,-3.143740653991699,-1.5707942247390747,-1.5708543062210083,2.158046007156372
-0.6182491779327393,-1.6204679012298584,-6.605098690215527e-09,1.2364033352696424e-08,1.7322180271148682,-2.6664535999298096,1.5512341633439064e-08,-5.6620336863488774e-08,-3.027157799806446e-05,3.595789670944214,2.6968421936035156,-5.156750679016113,-0.797226071357727,-1.2224055528640747,1.3023735284805298,2.7981972694396973,1.4454145431518555,1.5100860595703125,-1.5546479225158691,-0.002150073181837797,1.8327365978620946e-05,1.5707964897155762,-3.1415927410125732,-1.5707958936691284,-1.5707963705062866,-1.570796251296997,-1.5707941055297852,1.5707961320877075,1.5578769445419312,-1.5707948207855225,1.6639494895935059,1.577329397201538,-1.4321074485778809
-1.854686975479126,1.6204676628112793,-2.3008949412428592e-08,-2.882738492360204e-08,9.76204894698185e-09,-1.6216736753449368e-07,2.8481640815734863,-9.445555804177275e-08,-5.686835038432037e-07,0.7191578149795532,-2.696842670440674,-1.0313549041748047,-1.594451904296875,1.2224067449569702,-1.302374243736267,-1.8660811185836792,1.431526780128479,1.482865333557129,0.8476425409317017,-1.063445806503296,-0.027756795287132263,-1.5707987546920776,-8.079192070908903e-08,1.5716930627822876,-1.5727578401565552,1.5707945823669434,1.5707964897155762,-1.5707951784133911,-1.6700241565704346,3.141592502593994,-1.5677692890167236,-1.5707963705062866,-1.4490017890930176
-0.37094956636428833,1.6204677820205688,1.9616187810897827,2.2260377407073975,1.7322181463241577,2.6664810180664062,1.9946575946505618e-08,-3.0037784576416016,3.141592502593994,-0.7191579937934875,-4.494735240936279,1.0313504934310913,-0.797226071357727,-1.2224056720733643,3.9071216583251953,-2.7981855869293213,-1.445412516593933,1.5101484060287476,-1.140386939048767,4.343695181319163e-09,1.3217626815276162e-07,1.5707963705062866,2.775416874101211e-08,-1.5707972049713135,-1.5707989931106567,1.540520429611206,1.5707981586456299,-1.5707883834838867,1.5708891153335571,-1.5707964897155762,-1.639069676399231,-1.57776939868927,-1.6223043203353882
3.0912463665008545,4.051169395446777,-0.9808095097541809,1.1130187511444092,3.4644360542297363,-3.9997215270996094,-1.4240812063217163,-1.5018891096115112,1.5567792654037476,-2.8766322135925293,-1.6569920546771755e-08,2.598260495645377e-09,1.5944520235061646,7.941340918193873e-09,1.5014659737744296e-08,-1.8654568195343018,-2.8908298015594482,-1.2511771618761713e-09,3.141592502593994,1.063446283340454,1.570809245109558,3.268235104769701e-08,-1.5707963705062866,1.5707963705062866,-1.5707966089248657,1.5707963705062866,-1.570796251296997,1.5707963705062866,-1.6252055168151855,3.1415927410125732,1.570797085762024,1.567924976348877,1.3382319211959839
-1.6074479818344116,3.2409353256225586,3.9232380390167236,6.940609420524879e-09,-1.7322179079055786,1.4954538940514794e-08,-2.490565442769821e-08,-6.33372820857403e-09,-3.141592502593994,2.1574740409851074,2.6968421936035156,-1.0313506126403809,-0.7972260117530823,1.2224056720733643,-1.302594780921936,-2.7981855869293213,1.4454134702682495,-1.5100854635238647,-0.30519899725914,2.126912832260132,3.141740322113037,-1.570796251296997,3.1415927410125732,-1.5707966089248657,-1.5906320810317993,-1.5704855918884277,1.570796251296997,1.5705355405807495,-1.619834542274475,1.5708098411560059,1.570791482925415,1.5695770978927612,1.4175453186035156
2.8439462184906006,1.6204676628112793,-1.9616190195083618,-2.2260375022888184,1.7322180271148682,-2.666480779647827,-2.8481647968292236,3.714746510397049e-09,1.6958013304702035e-07,-2.1574738025665283,0.8989473581314087,-1.031351089477539,-3.9861299991607666,3.667294502258301,-3.89152455329895,0.9327282905578613,1.445414662361145,-1.5100855827331543,2.1089587211608887,-2.1268765926361084,3.1415927410125732,-1.5707963705062866,-3.141592264175415,-1.584938883781433,-1.5859977006912231,1.5707955360412598,1.5707427263259888,1.5707963705062866,-1.57079017162323,1.5707974433898926,1.5790269374847412,1.7769428491592407,0.982974648475647
0.6182452440261841,-2.43070125579834,2.9424285888671875,-3.3390567302703857,1.7322180271148682,1.3334171772003174,-1.424081802368164,1.501808762550354,1.6534898281097412,1.438315987586975,-1.797894835472107,-3.835017636788507e-08,3.1889045238494873,2.4448108673095703,2.6047475337982178,1.8645340204238892,-4.2580272641146166e-10,-3.0201711654663086,3.1415932178497314,-3.190338611602783,1.570796251296997,-3.1415927410125732,-1.570796251296997,-4.696713447570801,4.698156833648682,4.7124433517456055,1.5707967281341553,-4.699929714202881,-1.6233644485473633,2.0187502514090738e-07,-1.570797085762024,1.570794701576233,-1.448909044265747
-0.3709493577480316,-0.8102728128433228,-0.9773381948471069,1.1124409437179565,-2.2097525231856707e-07,3.9698100090026855,1.4235813617706299,1.481316089630127,2.634575128555298,-1.1071487193703433e-07,1.7978945970535278,2.0627009868621826,-1.5944520235061646,-2.4448108673095703,-2.6047475337982178,1.8654574155807495,2.8908302783966064,3.0201706886291504,3.1415927410125732,-1.063446044921875,1.5707685947418213,-2.615176981635159e-07,1.5707961320877075,-1.570797085762024,1.5707963705062866,-1.5707969665527344,-4.71240758895874,1.5707967281341553,-1.5707963705062866,3.1416029930114746,-1.57076096534729,-1.5757439136505127,2.38010311126709
-2.8438689708709717,1.6204675436019897,-3.923301935195923,-2.2260375022888184,3.4644360542297363,-2.2843211411327502e-07,2.8481674194335938,-3.003769874572754,3.1415984630584717,-2.1574738025665283,2.6968421936035156,3.0940487384796143,-3.986130475997925,1.2223851680755615,-1.3024038076400757,0.9327284693717957,-1.4456369876861572,-1.5100853443145752,1.3864805698394775,-2.1247124671936035,-3.1416172981262207,4.712297439575195,3.1415927410125732,-1.5707967281341553,-1.4818501472473145,1.5708258152008057,-1.570796251296997,1.5709174871444702,1.5703421831130981,1.5707966089248657,1.574150562286377,1.570796251296997,-1.520894169807434
-1.3601479530334473,-2.4307022094726562,-0.9808231592178345,-1.1130757331848145,1.73221755027771,1.3324891328811646,-4.26509952545166,1.501886010169983,-4.271518707275391,-4.407107567772073e-08,1.7978947162628174,-2.0627009868621826,3.188904285430908,2.4448108673095703,-2.6047475337982178,2.0916017717809154e-07,-6.355089343657028e-09,1.2779773683746498e-08,-3.141592502593994,1.0634465217590332,-1.5776501893997192,-5.413538133325346e-07,1.5707958936691284,1.5708054304122925,1.5710474252700806,1.571426272392273,-1.5709869861602783,-1.5647950172424316,-1.5705947875976562,3.14180588722229,1.5336384773254395,-1.5711936950683594,0.5799604654312134
1.6074481010437012,-5.441577743958703e-10,3.205591000976504e-11,1.2642061876511068e-11,-3.4644360542297363,2.6664810180664062,-2.8481647968292236,-4.5218528921253665e-10,3.141592502593994,-2.1574738025665283,-0.8989474773406982,-1.0313504934310913,-1.5987777709960938,-1.2224055528640747,1.3023736476898193,2.5064005851745605,-1.4454149007797241,1.6033985614776611,-1.1994736194610596,-1.061253309249878,-3.041874885559082,-1.5707966089248657,3.141592502593994,1.570796012878418,-1.5707956552505493,-1.5707963705062866,-1.5659884214401245,1.5707968473434448,-1.5707958936691284,0.010306383483111858,-1.5707961320877075,-1.5715893507003784,-0.20241069793701172
-1.8547477722167969,9.252511645740924e-09,-1.9616191387176514,-4.354564708819453e-09,-1.7322180271148682,-2.6664810180664062,-1.576511365897204e-08,-9.789865806908438e-09,-3.55794753659211e-08,0.7191579937934875,0.8989474177360535,-3.0940513610839844,-2.3916783332824707,3.6672167778015137,-1.3023736476898193,-0.9327282905578613,-1.4454137086868286,1.5100855827331543,-2.5077576637268066,4.247339725494385,-3.1417555809020996,-1.5707968473434448,3.1415927410125732,1.5707961320877075,-1.5707963705062866,1.5707963705062866,1.570796251296997,1.5707963705062866,-1.5707963705062866,-4.71238899230957,-1.6485037803649902,-1.5707963705062866,3.5025956630706787
-0.618249237537384,-3.2409353256225586,1.9616190195083618,-1.1104714481291467e-08,1.7322179079055786,2.6664810180664062,-6.242330652383998e-09,4.85171725017608e-09,3.141592502593994,0.7191579341888428,0.8989473581314087,-3.0940518379211426,-0.7972284555435181,-3.6672165393829346,3.892180919647217,0.9327284693717957,1.4454147815704346,-1.5100857019424438,-1.6829564571380615,2.127054214477539,6.490122927971242e-07,-1.5707961320877075,-3.1415927410125732,-4.689671993255615,-1.5707967281341553,1.5943717956542969,1.5709645748138428,-1.570801854133606,-1.5707927942276,-1.5707814693450928,1.5707944631576538,-1.6513687372207642,-3.340944290161133
-1.9747986793518066,-0.8102375268936157,-0.980808436870575,1.1130187511444092,2.5983259677886963,2.666480541229248,1.424082636833191,3.0037784576416016,-2.099227003782289e-06,-0.7191571593284607,-0.8989490270614624,1.0313493013381958,2.3916773796081543,-1.5776817008372745e-06,-1.3023725748062134,1.8654587268829346,-2.890831708908081,-3.020170211791992,3.1415915489196777,1.0599149465560913,3.133396863937378,1.5707948207855225,1.570801854133606,1.754767656326294,-1.33934485912323,0.9035106897354126,0.00021859208936803043,1.5750560760498047,1.2142845392227173,-1.5731415748596191,0.05893437936902046,-2.7455801963806152,3.1445560455322266
2.1020472049713135,3.2409353256225586,-7.891649289604175e-08,-2.2260377407073975,3.4644360542297363,2.6664810180664062,-6.622586479210213e-09,-3.0037782192230225,2.368241780459357e-07,-2.1574738025665283,-2.696842670440674,-3.0940513610839844,-1.594083309173584,1.222400188446045,-1.3023737668991089,1.3966692686080933,1.4454151391983032,-1.4829798936843872,-1.5623716115951538,-1.06363046169281,0.028400281444191933,-1.5707964897155762,3.141592502593994,1.570796251296997,1.5707963705062866,-1.5707931518554688,-1.570047378540039,-1.5707966089248657,-1.5707976818084717,-0.0010662860004231334,-1.5707974433898926,-1.5601938962936401,-1.7256958484649658
2.8439462184906006,1.6204677820205688,-1.9616190195083618,-2.2260377407073975,1.7322180271148682,1.909409479486368e-12,-2.8481647968292236,3.0037784576416016,-3.1415927410125732,-0.7191579341888428,-2.6968421936035156,-1.0313503742218018,2.3916804790496826,1.2224057912826538,-1.3023738861083984,-0.9327284097671509,-1.4454149007797241,1.5101114511489868,1.573996901512146,-2.119483470916748,-9.923240895659546e-08,-1.5707964897155762,7.04460578412891e-12,-1.5707963705062866,1.5707958936691284,-1.5707964897155762,-1.5708024501800537,-1.570796012878418,-1.5707961320877075,-1.570460319519043,-1.5708074569702148,-1.570785641670227,0.6797225475311279
-1.1128485202789307,-1.6204677820205688,6.099564586747874e-08,8.499196013644905e-08,1.7322180271148682,-2.6664810180664062,2.8481645584106445,4.606354409020241e-09,-2.986861602494173e-08,0.7191579937934875,0.8989472389221191,-3.094059705734253,1.5944526195526123,-3.6672146320343018,1.3024863004684448,1.8489940166473389,4.25542688369751,1.5102611780166626,-0.16038958728313446,-3.190338611602783,3.141780376434326,1.570796251296997,-9.303451342645985e-09,1.5707951784133911,-1.570796251296997,-1.570796251296997,1.5708333253860474,1.570796251296997,1.5708839893341064,-3.141629695892334,1.570776343345642,1.5707932710647583,1.375943660736084
3.338545560836792,-1.6204677820205688,1.9616190195083618,-2.2260377407073975,-1.732217788696289,-2.6664810180664062,-2.8481647968292236,3.940760606724325e-08,5.82250606839807e-07,-2.157477617263794,4.4947404861450195,-1.0313401222229004,-2.3916780948638916,-1.2170358896255493,-1.3023710250854492,0.9327284097671509,-1.437867522239685,-1.5107512474060059,-2.116940498352051,1.939692424457462e-07,3.1415936946868896,1.570796012878418,-1.3962682032797602e-07,1.5707961320877075,1.5614221096038818,4.705307483673096,-1.5707945823669434,-1.570688247680664,-1.5707919597625732,1.5707963705062866,1.5708922147750854,-1.5046091079711914,-3.3428187370300293
1.3605278730392456,1.6204681396484375,1.9616193771362305,-3.6973838746234833e-07,-3.4644360542297363,2.666480779647827,-2.8481833934783936,-3.0041186809539795,-6.92085768605466e-06,2.1574738025665283,0.8989474177360535,-1.03135085105896,0.7972047924995422,1.222409725189209,1.302381157875061,0.93272864818573,-1.4454149007797241,4.5302557945251465,-1.320504069328308,2.126892328262329,3.141592502593994,4.712305068969727,2.4480590887776543e-09,-1.570680022239685,1.570796251296997,1.5742650032043457,4.712388515472412,1.5707955360412598,-4.407919406890869,-1.5707964897155762,-1.7351959943771362,-1.5707966089248657,1.5945073366165161
-0.8655490875244141,1.620468258857727,1.9616186618804932,-2.2260377407073975,-3.4644358158111572,-2.6664810180664062,-2.8481647968292236,9.427992608834757e-08,-4.140489977544348e-07,-2.157467842102051,-2.6968424320220947,1.0313503742218018,2.3916778564453125,-3.6672165393829346,1.3023738861083984,-0.9327282309532166,-1.44541597366333,-1.5100855827331543,1.208815336227417,2.126891613006592,-1.8181042094056465e-07,-1.5707963705062866,-3.1415929794311523,-1.5446547269821167,-1.5707961320877075,-1.5707979202270508,-1.5707966089248657,-1.5707966089248657,-1.5706692934036255,1.5707931518554688,-1.5707415342330933,-1.6051892042160034,2.173969030380249
1.0044127702713013,-2.4304866790771484,0.9809601306915283,2.225423812866211,-2.5976641178131104,2.666694164276123,0.00042622024193406105,-3.0033090114593506,3.141385793685913,-0.7189430594444275,0.8990651965141296,-2.0625014305114746,0.7969908714294434,-2.4447507858276367,-2.6050870418548584,1.8649567365646362,-0.0002446359139867127,-0.00019539530330803245,-3.141556739807129,3.190614938735962,0.0003415911633055657,-1.5710469484329224,1.5702359676361084,-1.272347331047058,3.2696733474731445,-0.8720118999481201,0.00034559870255179703,3.219310760498047,-1.5946767330169678,-1.570080041885376,-0.9262869358062744,1.8439903259277344,-1.919236421585083
1.8547475337982178,1.6204676628112793,1.0538157013684213e-09,7.471768093125775e-09,-7.399437951249865e-09,-1.4056595887268486e-08,-2.8481647968292236,-3.0037782192230225,4.3571390051511116e-08,2.1574740409851074,2.6968421936035156,-3.0940511226654053,0.7972260117530823,-1.2224054336547852,1.3023737668991089,-0.9327284693717957,1.4454151391983032,1.5100855827331543,-1.5809638500213623,6.631140792023871e-08,3.141592502593994,-1.5707963705062866,2.6684386256192738e-08,-1.5707963705062866,1.5708063840866089,-1.570796251296997,1.570796012878418,1.5707964897155762,1.570796251296997,-1.570796251296997,1.504074215888977,-4.649811267852783,1.784722089767456
