1.4655370712280273,2.052196979522705,-2.29123854637146,0.815459132194519,3.749213218688965,1.3391050100326538,1.4208515882492065,1.4977855682373047,1.5740456581115723,1.19088613986969,-1.3729732036590576,3.8495891094207764,-2.023024082183838,1.5050673027872108e-06,-2.759230852127075,-3.1416468620300293,-7.949523933348246e-06,-1.0472084283828735,0.0004308787756599486,-3.1418988704681396,-3.141132354736328,7.150378678488778e-06,1.5708332061767578,-1.5519424676895142,1.633327603340149,1.5751307010650635,1.5707972049713135,-0.01886921003460884,3.079061508178711,1.571155309677124,1.5706416368484497,1.5708396434783936,-1.5709139108657837
-1.4655234813690186,-2.0521950721740723,-9.716257045511156e-05,-2.4391438961029053,1.249480962753296,1.338886022567749,4.261585712432861,1.497481107711792,-1.5707893371582031,-2.3817734718322754,2.745931625366211,-3.849608898162842,2.0229876041412354,2.0944087505340576,-2.7592461109161377,3.1415841579437256,-6.747664156137034e-05,1.0469168424606323,-0.0009429150959476829,2.2055485260352725e-06,-3.1419565677642822,-3.1415817737579346,-1.5707552433013916,-2.3871817588806152,1.072583556175232,-1.5708009004592896,1.5708954334259033,-2.325187921524048,3.6397931575775146,-1.5708173513412476,1.5708144903182983,1.570786714553833,-1.5817792415618896
-2.7682390213012695,-2.0521838665008545,-2.291632890701294,2.438640832901001,1.2225935459136963,1.3388727903366089,-1.4203944206237793,-1.497497320175171,-1.5723421573638916,-1.1908979415893555,1.372977375984192,1.924799919128418,4.046004295349121,2.0943992137908936,2.759246826171875,3.141596794128418,-0.0274112019687891,-3.1415951251983643,-3.1445703506469727,1.7036396457115188e-05,3.1416032314300537,-8.704113696467175e-08,1.5708000659942627,1.5693519115447998,3.1481173038482666,-1.5730862617492676,-1.5708004236221313,0.0014359595952555537,1.5773495435714722,-4.712358474731445,-1.5707955360412598,1.5707929134368896,-1.570796012878418
-0.4885125756263733,-2.052189350128174,1.145622730255127,3.2521812915802,-2.4994733333587646,-2.6777560710906982,2.8407843112945557,1.4332312048281892e-06,3.9479164115618914e-07,-1.1934806108474731,3.4333250522613525,1.9243137836456299,1.702797532081604,-3.141530752182007,0.5761306881904602,-1.570796251296997,2.5942800045013428,2.094420909881592,-1.5702273845672607,-2.8564517498016357,-0.000255052640568465,-1.5707939863204956,-7.934302175272023e-07,-3.1415934562683105,-1.574459433555603,2.883237361907959,1.0530740022659302,1.566405177116394,1.5707110166549683,1.570797324180603,-1.1874964237213135,3.114722490310669,-1.8291501998901367
-0.16283757984638214,4.162320408340747e-07,-2.291241407394409,2.439135789871216,1.249752163887024,-1.3388829231262207,-4.25817346572876,-4.491272449493408,-4.712347984313965,1.1908916234970093,7.600459070999932e-07,-1.924799919128418,-2.1233120151009643e-07,4.1887898445129395,0.9197487831115723,-2.0434345060493797e-06,-2.5888311862945557,-3.1415929794311523,-0.012123456224799156,-3.1403186321258545,-3.1379289627075195,3.3268548804699094e-07,1.5707954168319702,-1.5686203241348267,-1.5707308053970337,1.5706592798233032,1.5707539319992065,3.1394171714782715,-3.141658067703247,1.570799708366394,1.5707975625991821,1.5707937479019165,-1.5708115100860596
-0.16283735632896423,1.0260952711105347,3.436861991882324,-4.065205097198486,1.24974524974823,-1.3388787508010864,-1.4204179048538208,-1.4976701736450195,-1.5705788135528564,1.1908924579620361,2.7459444999694824,-1.5126487085126428e-07,2.0229992866516113,-2.0943946838378906,0.9197449088096619,-3.141592502593994,-8.23170296371245e-08,3.141592264175415,0.002877490594983101,-3.141794204711914,3.1415634155273438,-2.624511239446292e-07,-1.5707964897155762,-1.5710197687149048,1.5700584650039673,-1.5708445310592651,-1.5707929134368896,-3.1418159008026123,-3.1423306465148926,-1.5707964897155762,-1.570796012878418,-1.5707963705062866,1.5726126432418823
-2.442559003829956,3.0489373207092285,-1.3864337233826518e-07,-2.439136505126953,-3.7492082118988037,-1.3386391401290894,4.261176586151123,1.497523307800293,-1.5708839893341064,-3.572676181793213,-1.2770279056439904e-07,1.9248000383377075,3.6747604070797024e-08,2.0943949222564697,-0.9197470545768738,-3.1418960094451904,3.3539908628199555e-08,-1.0471975803375244,2.506379496480804e-05,-2.0922072963003302e-08,-3.141592502593994,1.8223664355332403e-08,1.5707963705062866,3.1070383101905463e-06,3.019085645675659,-1.5708190202713013,-1.5707963705062866,1.5707993507385254,-1.448289155960083,-1.5707968473434448,-1.5707963705062866,-1.557818055152893,1.570799708366394
0.814187228679657,-1.0260940790176392,2.291168451309204,-2.4391374588012695,-3.7492051124572754,-1.338879108428955,1.4238618612289429,-1.4974857568740845,1.5708129405975342,-1.1908916234970093,-2.7459447383880615,-1.924800157546997,2.023000478744507,2.094395637512207,-2.759242296218872,-6.843555979685334e-07,-2.5888278484344482,1.0471949577331543,-3.1415674686431885,-3.1415867805480957,-5.043086639489047e-05,-3.1415932178497314,1.5707954168319702,-2.1014742851257324,-0.03622908517718315,-1.5710028409957886,-1.5707956552505493,0.530677080154419,1.6070243120193481,-1.5707969665527344,-4.7065582275390625,1.571230173110962,-1.5707964897155762
-0.4886067509651184,1.026375651359558,1.1336486339569092,-2.4396426677703857,-1.2490978240966797,-4.019850254058838,-1.4205372333526611,-1.5085413455963135,-1.5708783864974976,3.57228422164917,-1.3729426860809326,1.9247536659240723,-2.0227601528167725,2.0941429138183594,2.7588863372802734,3.1410152912139893,2.589282751083374,3.1416685581207275,-4.232880019117147e-05,0.011533132754266262,-3.141301155090332,3.141355276107788,-1.5711051225662231,-4.518061637878418,-0.005214114207774401,1.5672146081924438,1.5709203481674194,2.9473915100097656,1.565200924873352,-1.5705134868621826,1.5697410106658936,-1.5707679986953735,-1.5706121921539307
2.583108901977539,0.5130467414855957,0.5728101134300232,-1.6260895729064941,-1.2504678964614868,-4.016636371612549,1.4203933477401733,4.492443084716797,1.5707955360412598,-2.381786584854126,1.3729709386825562,-2.8872017860412598,1.0115010738372803,-1.047196388244629,3.678987503051758,3.1415934562683105,-2.588831663131714,-2.0943939685821533,-1.666508978814818e-06,-3.141594171524048,-3.1415913105010986,1.6316677147187875e-06,3.141594171524048,-4.7123284339904785,1.5707991123199463,-1.5707951784133911,-1.4973278045654297,-1.5707963705062866,-1.5707945823669434,1.5707975625991821,-4.712432384490967,-1.5707964897155762,-1.5707944631576538
-2.768120050430298,2.0523157119750977,2.291370391845703,-3.2521064281463623,-3.9426489820471033e-05,2.677852153778076,2.8408620357513428,-0.00011318015458527952,-0.0005033066845498979,-2.593506097793579,3.133837938308716,2.3475608825683594,-0.3181302547454834,-2.575930595397949,-0.5785567760467529,1.570875883102417,-3.8830020427703857,2.576164484024048,-1.5700432062149048,0.28207018971443176,2.7785098552703857,1.570803165435791,1.8635862943483517e-05,0.00017313369608018547,3.141453504562378,-0.001776780583895743,1.5706361532211304,1.5706936120986938,-1.5711790323257446,1.5710623264312744,-0.0016643875278532505,3.1420958042144775,1.569388508796692
2.4425134658813477,2.052138566970825,2.2915079593658447,2.4414596557617188,-1.249903678894043,-1.3421359062194824,4.260850429534912,1.4944555759429932,-1.5707526206970215,-2.3820114135742188,2.7459306716918945,4.541905946098268e-05,-2.0230748653411865,-2.0943524837493896,-2.7593655586242676,-0.008430613204836845,2.5888004302978516,-1.047268271446228,-3.1291089057922363,3.1392362117767334,-3.141414165496826,-3.1417384147644043,-1.5707104206085205,-1.0061368942260742,0.13835030794143677,-1.5595800876617432,1.5708448886871338,-0.5645996332168579,1.7093877792358398,-1.571087121963501,1.561257243156433,-1.5711591243743896,1.5720579624176025
2.768233060836792,-8.062140750553226e-07,3.4369261264801025,0.8130457401275635,-1.2496296167373657,1.3388845920562744,-1.4203811883926392,1.529443383216858,1.5708236694335938,-6.163547823234694e-06,2.745944023132324,-1.2812465683964547e-06,-4.045999050140381,-2.0943973064422607,0.9197579026222229,-7.043946970952675e-05,-2.5889439582824707,1.0472015142440796,-0.00018970588280353695,-0.034373700618743896,7.577451015094994e-06,-3.141589403152466,4.712383270263672,1.5708057880401611,3.1211671829223633,-1.5710270404815674,-4.712393283843994,-3.1416008472442627,4.6919684410095215,1.5722761154174805,-1.5709023475646973,1.5706714391708374,1.5708003044128418
0.05761580169200897,1.2231612345203757e-06,-1.7184312343597412,-1.0791738986881683e-06,1.1984378099441528,-1.338877558708191,-1.4203910827636719,-1.4974817037582397,-1.5708026885986328,-0.5954452753067017,8.008930763026001e-07,-4.811997413635254,1.011864185333252,-1.0471965074539185,-3.6789886951446533,-1.0011467566073406e-06,-2.5888333320617676,-2.0943939685821533,-9.882543281491962e-07,-0.00012849144695792347,3.141592025756836,-1.6023378179852443e-07,-3.125510659174324e-07,1.5707966089248657,-1.5707966089248657,1.570793867111206,1.571988821029663,1.5707409381866455,1.5707951784133911,1.5707969665527344,-1.5707968473434448,1.570793628692627,1.5707939863204956
-2.117053508758545,3.0780601501464844,-0.0002179215516662225,0.0002206125936936587,-0.00017011139425449073,-0.00016035469889175147,-2.841110944747925,2.9947943687438965,0.00012929414515383542,2.081361770629883,2.0588974952697754,1.9248909950256348,-2.0339815616607666,-1.0470755100250244,-0.9088812470436096,1.570730447769165,0.0018705067923292518,0.00017902872059494257,1.5706403255462646,3.133171796798706,-0.0008812951855361462,-1.571205496788025,-0.0001334257540293038,6.633907469222322e-05,-1.5738741159439087,-2.9805967807769775,-3.197812080383301,1.5754201412200928,-4.709641456604004,-1.5718514919281006,1.1206777095794678,-0.9904577732086182,1.731480360031128
-1.1398588418960571,-3.078284978866577,3.2894299030303955,-2.4391465187072754,-1.259329080581665,-1.3388803005218506,-1.4202449321746826,-4.47396183013916,-1.570826768875122,1.190895915031433,1.9009372635991895e-06,-1.9247939586639404,-2.044394477707101e-06,2.0943987369537354,0.9197474122047424,8.615666956757195e-06,0.009927557781338692,1.047201156616211,0.0007043284131214023,-0.019841471686959267,-4.694594827014953e-05,6.28181032880093e-06,1.5708019733428955,-1.5708608627319336,3.903435936081223e-05,4.712449550628662,1.5708023309707642,5.367706035031006e-05,1.5707623958587646,1.570792555809021,1.5708212852478027,-1.5707920789718628,1.5707980394363403
1.1398786306381226,3.078267812728882,2.332390069961548,0.8130865693092346,3.7415719032287598,1.3292241096496582,1.4204034805297852,-4.4922943115234375,1.5708070993423462,1.6342972230631858e-05,1.823892307584174e-05,-1.5544961570412852e-05,-4.04599142074585,-1.8610642655403353e-05,0.9197413921356201,0.01271806750446558,-2.5808465480804443,1.0472201108932495,-3.141603708267212,-3.348567406646907e-05,1.5088013242348097e-05,-3.1415843963623047,-1.5708118677139282,-3.4298348426818848,3.1416714191436768,1.5707429647445679,1.5707861185073853,1.282515287399292,1.570885419845581,1.5708009004592896,1.5714091062545776,1.5708158016204834,-1.5708140134811401
3.0939104557037354,1.0264649391174316,-9.821289950195933e-07,0.8130467534065247,1.2497353553771973,1.3263497352600098,1.4204092025756836,-1.497480869293213,-4.7123870849609375,2.371247092014528e-06,1.3729734420776367,1.9247997999191284,1.7386112176609458e-06,4.188791751861572,-0.919748067855835,3.1252493858337402,-2.588848829269409,-1.047200083732605,-7.877679308876395e-06,-1.0354087862651795e-06,2.0890520318062045e-05,2.1668727185897296e-06,1.5707975625991821,-3.1411936283111572,-1.5455529689788818,-1.5707206726074219,1.5707390308380127,-1.5711944103240967,3.116352081298828,1.570735216140747,-1.5707982778549194,1.5707974433898926,4.7123894691467285
-1.4658007621765137,-1.9884926080703735,2.290915012359619,0.8127641677856445,-1.2498811483383179,1.335839033126831,1.4135112762451172,4.4920783042907715,-1.57537043094635,2.38153076171875,-0.00048442420666106045,1.9249051809310913,-0.000220417496166192,-0.0002349566639168188,0.9196662306785583,-3.138115882873535,0.00054854282643646,3.141263961791992,-0.0006696957279928029,4.200233433948597e-06,0.007965377531945705,-0.0003567734092939645,-1.5711290836334229,-0.0013057830510661006,1.6175202131271362,-1.5703269243240356,1.571144700050354,-1.5723432302474976,-0.04703104868531227,1.571215033531189,-1.570353627204895,1.5703184604644775,1.570522427558899
-2.442559003829956,3.07828426361084,-1.1456166505813599,4.065218925476074,-1.2496459484100342,1.338879942893982,1.415574550628662,4.492453575134277,1.5707972049713135,-1.1908925771713257,-3.533836263613921e-07,-1.9248002767562866,-4.262237496277521e-07,2.094395875930786,0.919748067855835,-7.331752271966252e-07,-9.771101031219587e-05,1.0472012758255005,1.5146302757784724e-05,-3.1415908336639404,-3.132880687713623,-3.141592025756836,-1.5707982778549194,-2.62772274017334,3.7733585834503174,1.570794939994812,-1.5707899332046509,-1.0569260120391846,2.202558994293213,-4.712404727935791,-1.57077956199646,1.570796012878418,1.5707955360412598
-1.7912112474441528,4.752907443617005e-06,-2.291245222091675,2.439124345779419,-1.2497409582138062,-1.3388787508010864,1.4203941822052002,1.461654782295227,-1.5707917213439941,-2.3817880153656006,-2.745943069458008,1.9247982501983643,4.045997142791748,2.09439754486084,2.7592365741729736,-2.309828460056451e-06,4.944816737406654e-06,1.047199010848999,-5.6930734899651725e-06,3.1044607162475586,3.1415915489196777,-3.141596555709839,1.570764183998108,1.5692168474197388,1.0976471900939941,-1.5707933902740479,-1.5707975625991821,-0.0015809215838089585,-2.6684465408325195,-1.5706901550292969,-1.5707919597625732,-1.5705523490905762,-1.5707920789718628
-1.521944522857666,1.539139747619629,1.7184267044067383,1.3411250620265491e-05,3.7505710124969482,-1.3248896598815918,1.420327067375183,4.492461681365967,-1.5713661909103394,3.572690010070801,2.7459404468536377,0.9623648524284363,-3.0345025062561035,-3.1415858268737793,1.8395031690597534,3.1415984630584717,-2.5888423919677734,-2.0943963527679443,9.642026270739734e-07,4.079197424289305e-06,-3.1416001319885254,3.141611337661743,3.1416008472442627,1.570805311203003,-1.5707999467849731,1.5708121061325073,1.5706321001052856,-1.5708025693893433,1.5708011388778687,-4.7051191329956055,-1.5707981586456299,-1.5707905292510986,-1.570810079574585
-1.7912192344665527,-1.0254278182983398,-3.4368503093719482,0.8137487769126892,-1.2497293949127197,-1.338772177696228,1.4202747344970703,-1.4974679946899414,1.5674290657043457,6.609690899495035e-06,-2.7459335327148438,1.704016722214874e-05,-2.02300763130188,2.0944056510925293,-2.759256601333618,-3.1417319774627686,2.474176108080428e-05,1.0471694469451904,3.141934871673584,-6.248464615055127e-06,-0.0001502686063759029,-3.141597270965576,1.570810079574585,-3.1443192958831787,1.280858039855957,1.5707956552505493,-1.569977045059204,-1.5735312700271606,0.2899380922317505,1.5707671642303467,1.57089102268219,-1.5707858800888062,-1.567088007926941
0.1628376543521881,-2.052189826965332,-3.4368627071380615,0.8130451440811157,1.2497353553771973,1.3388782739639282,4.261175632476807,1.566970944404602,-1.5707958936691284,-1.1908925771713257,-5.049827223047032e-07,1.9248000383377075,-4.046000957489014,4.3447997200019017e-07,2.759239435195923,-3.1415929794311523,-2.5888311862945557,-3.1415934562683105,3.141592264175415,0.0739118829369545,-3.141592025756836,3.1415932178497314,1.5707958936691284,1.5516518354415894,-2.151069164276123,-1.5707898139953613,-1.5707964897155762,0.0191685538738966,-0.5802721977233887,-1.5707967281341553,1.5707964897155762,1.5708074569702148,1.5707958936691284
1.7912168502807617,-2.0521910190582275,-1.2643018960952759,-2.43913197517395,-1.2324620485305786,-1.3388699293136597,-4.261192798614502,-1.4974828958511353,-1.5708918571472168,-3.5726709365844727,2.745950698852539,1.9247931241989136,-2.0230071544647217,-4.188797473907471,2.759241819381714,-8.015959792828653e-06,5.159359931945801,3.141587495803833,-0.0006808578036725521,3.1415913105010986,-3.1416027545928955,1.211668859468773e-05,-1.5707950592041016,0.7257733941078186,5.119486559124198e-06,-1.570799708366394,1.570796251296997,-3.9865920543670654,-1.5708072185516357,1.5708081722259521,1.5709645748138428,-1.570792555809021,1.570766568183899
1.628372073173523,-3.0782830715179443,-0.5728099942207336,1.9150709249515785e-06,2.499471426010132,-2.6777572631835938,-9.70100444419586e-08,-2.9949629306793213,2.606616362754721e-07,2.3817834854125977,-2.0594584941864014,-1.9247997999191284,-6.389217332980479e-08,4.188790798187256,0.9176318049430847,-3.132673501968384,1.294413447380066,3.1415963172912598,1.5707751512527466,1.5707387924194336,-3.1415789127349854,-1.5707972049713135,1.5707935094833374,1.5670053958892822,-7.330476364586502e-06,-1.0286779403686523,-1.570796012878418,3.141596794128418,-1.5707898139953613,-2.331751823425293,2.4168851375579834,-1.5708045959472656,3.683711528778076
-0.48847320675849915,-1.0260776281356812,2.291231393814087,-3.251652956008911,-1.249725103378296,4.016695499420166,-1.4203691482543945,4.492368698120117,-0.00698405597358942,2.381742477416992,-4.582416295306757e-05,1.924839735031128,3.6295856261858717e-05,-4.188826084136963,-0.9197942018508911,1.870456981123425e-05,-2.5888419151306152,-1.04719877243042,1.5750246047973633,-0.00010403935448266566,-2.2372050807462074e-05,-2.6361709387856536e-05,-4.712409496307373,-4.035009860992432,0.9377346038818359,-1.5485895872116089,4.712366104125977,-2.464223623275757,-3.7747323513031006,1.570780634880066,1.5708284378051758,1.5730628967285156,3.1638436317443848
2.768234968185425,2.848575149982935e-06,-2.4093758383969544e-06,1.4678333855044912e-06,-2.49947452545166,-2.67775821685791,7.254380307131214e-06,-8.559605362279399e-07,1.3842106909578433e-06,1.1908926963806152,1.9508124589920044,5.2126335503999144e-05,0.0011600309517234564,-0.4819369316101074,2.7592415809631348,-3.1415982246398926,-3.87626051902771,2.576216459274292,1.570763111114502,-1.570807933807373,2.7802541255950928,1.5707974433898926,-3.1415927410125732,1.5708023309707642,0.0056393747217953205,-2.6832525730133057,1.5717545747756958,9.73843498286442e-07,4.697864055633545,-0.9535009264945984,-3.1892991065979004,1.5707956552505493,1.1124566793441772
-1.7912176847457886,-1.0260893106460571,-1.1456753015518188,-2.4372847080230713,-1.2497317790985107,4.016244411468506,1.4178125858306885,-1.495954990386963,-1.5708873271942139,-1.1908931732177734,1.3729560375213623,-1.9247933626174927,-2.022993564605713,7.04924377714633e-06,-0.9197521209716797,-3.141613721847534,2.5887420177459717,1.0473835468292236,-3.142801284790039,-0.0016273994697257876,-0.0030309788417071104,2.4053211745922454e-05,-1.570832371711731,-1.5706132650375366,4.737142562866211,1.5716357231140137,-1.5710684061050415,-0.00023396861797664315,3.166339635848999,-1.5707807540893555,-1.5707988739013672,-4.712509632110596,-1.5722382068634033
-2.4425549507141113,2.052213191986084,-1.2415383707775618e-06,-0.8130761384963989,3.7492082118988037,1.338884711265564,1.4203425645828247,1.4975221157073975,-1.5713670253753662,-2.381784439086914,-1.3729760646820068,1.9248031377792358,-3.7732797864009626e-06,2.094398260116577,-2.7591443061828613,3.141601085662842,-4.009064866750123e-07,3.1415886878967285,-3.1558878421783447,3.141629219055176,5.6680324632907286e-05,1.2839411738241324e-06,1.570804476737976,1.7093276977539062,4.340980052947998,-1.5714117288589478,1.570796012878418,-0.1385268121957779,0.37141096591949463,1.5708940029144287,-1.5707976818084717,1.5707972049713135,4.714775562286377
0.4885178208351135,-3.0782928466796875,-1.145624041557312,-0.8130469918251038,-3.749204635620117,1.3388571739196777,1.420252799987793,-1.5280091762542725,-1.5707958936691284,2.381775140762329,-2.7459349632263184,3.8496038913726807,-5.9420162870083004e-06,-4.188788890838623,-0.9198305010795593,3.4409099498589057e-06,2.588822841644287,1.047177791595459,3.1410796642303467,-3.1079373359680176,3.1417601108551025,-3.141585350036621,-1.5708082914352417,1.4953593015670776,1.569875955581665,-1.5708073377609253,-1.5708266496658325,-3.066150188446045,3.1406662464141846,1.5707929134368896,-1.570788025856018,1.57056725025177,1.5734686851501465
-3.0939102172851562,2.0521836280822754,-2.291234016418457,0.8130422830581665,-1.2497330904006958,-4.016638278961182,-1.4349199533462524,-1.498086929321289,1.5702356100082397,-1.190893292427063,-1.3729742765426636,-3.849611282348633,-2.0229969024658203,-2.094398260116577,-0.9197308421134949,3.141587972640991,2.58882999420166,1.0471762418746948,0.005114415194839239,-3.1422622203826904,-0.01756739802658558,-3.1415884494781494,1.5707931518554688,1.146440863609314,-1.5648407936096191,-1.5686945915222168,1.570797085762024,0.4243609607219696,0.005949610378593206,-1.5707916021347046,-1.5708560943603516,1.5719611644744873,1.5707957744598389
-2.4425578117370605,-1.0260955095291138,-1.1456198692321777,-5.122088850839646e-07,-1.891259415742752e-08,2.6777560710906982,-2.8407862186431885,-2.9949560165405273,-3.1415858268737793,1.7863460779190063,3.8620197772979736,0.16156046092510223,-3.0344996452331543,2.576202630996704,1.8394930362701416,-5.7125071180053055e-05,-3.8832461833953857,-0.48190823197364807,4.708924770355225,-3.1415963172912598,2.780339002609253,-1.5707943439483643,-6.943156449779053e-07,-1.5708130598068237,3.141592502593994,-3.1010634899139404,1.5707976818084717,-1.5708057880401611,-1.5798722505569458,2.4799201488494873,-3.110917568206787,-1.890403389930725,1.612426519393921
-1.465617299079895,-1.0261849164962769,0.030329877510666847,2.437981605529785,1.265541911125183,-1.3389415740966797,1.4205459356307983,1.497457504272461,4.7123308181762695,2.3816843032836914,2.7460250854492188,-2.2324650217342423e-06,-2.0229222774505615,-5.59317777515389e-05,2.759150505065918,-6.365760782500729e-05,2.605694532394409,3.141645908355713,-3.1396448612213135,3.141629457473755,-9.176359162665904e-05,-6.849841156508774e-05,-1.5707449913024902,-2.5697522163391113,-3.1415698528289795,1.5712831020355225,1.5707473754882812,-0.9990156292915344,-1.5707017183303833,1.5707968473434448,-1.5707098245620728,1.5707985162734985,-1.5707948207855225
3.0939061641693115,1.0260965824127197,-2.551159143447876,-0.8130452036857605,-3.749159097671509,1.338877558708191,1.4203640222549438,-4.493105411529541,1.5707967281341553,-2.0082406990695745e-06,1.3729702234268188,-1.9248018264770508,4.046000957489014,-2.0943965911865234,-2.7592432498931885,-1.5150270655794884e-06,2.588779926300049,-3.1415913105010986,-3.1283771991729736,3.1409130096435547,-3.141591787338257,-3.141594409942627,1.5707950592041016,1.5709179639816284,-3.1415910720825195,1.5707969665527344,-1.5707974433898926,-0.00012010829959763214,1.5707952976226807,1.5707948207855225,-1.5709517002105713,-1.5707921981811523,-1.5707967281341553
0.8141866326332092,-1.0189992189407349,1.1456209421157837,-0.8125087022781372,1.2497358322143555,1.3388792276382446,-1.4202656745910645,-1.497475504875183,1.569360375404358,-1.7065755741896282e-07,1.3729714155197144,-1.9248006343841553,2.023000717163086,-4.188788890838623,2.759190082550049,-3.1415915489196777,-2.588832139968872,3.1415927410125732,0.0032885768450796604,-3.1415932178497314,0.0001356520369881764,3.1415915489196777,-1.5707944631576538,-3.1530025005340576,-1.5906012058258057,-1.569347858428955,-1.5707950592041016,-1.5593879222869873,-0.01980472542345524,-1.5707955360412598,-1.5707957744598389,1.5707998275756836,1.5707981586456299
0.8142185807228088,-3.078237771987915,-3.436903715133667,2.244853567390237e-05,-2.4995505809783936,-2.677689552307129,2.840662956237793,-0.0005849800654686987,-5.650151797453873e-05,0.027057664468884468,1.3365460634231567,1.9246222972869873,0.0021020141430199146,-2.5764522552490234,0.9178434014320374,1.5680725574493408,1.294461965560913,1.6127699613571167,1.5706360340118408,-0.0011514420621097088,0.3612666726112366,-1.5703089237213135,-3.1420347690582275,3.1417863368988037,3.1424942016601562,-0.7984151840209961,4.710847854614258,1.571213960647583,-1.5721925497055054,4.714691638946533,-0.005894816480576992,-0.9348074793815613,-2.3688502311706543
-2.768235445022583,3.0782880783081055,-2.291242837905884,-0.8130818009376526,1.2497453689575195,4.016643524169922,-1.4195101261138916,1.4974939823150635,1.5696998834609985,1.1908951997756958,2.7459516525268555,1.9248048067092896,-2.0230014324188232,-2.0943965911865234,-2.75923490524292,3.1416046619415283,-2.5888288021087646,-1.0471981763839722,3.1517233848571777,3.141582727432251,3.140599489212036,-3.1415905952453613,4.712393760681152,-0.8699862360954285,1.5584311485290527,1.570882797241211,-1.5707920789718628,-2.44077467918396,-3.153900623321533,1.5705069303512573,1.5706496238708496,-1.5707999467849731,-1.5663105249404907
2.1170096397399902,2.0523056983947754,-2.291309118270874,-2.43936824798584,1.2495231628417969,1.338931679725647,1.4224889278411865,-4.486034870147705,-1.5708156824111938,1.1909898519515991,-0.00014271865074988455,0.0001393812126480043,0.00012403207074385136,0.00013122348173055798,2.7593860626220703,3.14164400100708,-2.774375388980843e-05,-1.0470597743988037,3.1504783630371094,3.1350152492523193,-3.143444299697876,3.1414997577667236,4.712443828582764,-1.5700874328613281,-1.799505352973938,1.5709290504455566,1.570940613746643,3.142592430114746,-3.370286703109741,-1.5708637237548828,4.708323955535889,-1.5709761381149292,1.5712220668792725
-0.8141862750053406,2.1544543926665938e-09,1.1464706659317017,-3.2521989345550537,1.2497366666793823,-1.3388787508010864,1.4203919172286987,-1.541969895362854,0.0010467336978763342,1.1908924579620361,-1.372972011566162,-3.8496005535125732,1.3305465529356297e-07,-2.094395160675049,0.9197470545768738,-3.1415927410125732,5.984157382954436e-07,1.0471974611282349,1.5708292722702026,0.04844158887863159,-3.1415927410125732,3.1415927410125732,1.570796251296997,1.5707963705062866,4.370045303403458e-08,-1.5300542116165161,1.5707961320877075,3.141592502593994,-1.5707963705062866,1.570796251296997,-1.5707963705062866,-1.570796251296997,-0.040742091834545135
2.1168928146362305,3.078296661376953,-2.5145108699798584,-0.81306391954422,1.2443562746047974,1.3385905027389526,-1.4203232526779175,1.470690131187439,-1.5708791017532349,2.381777286529541,-2.745936155319214,3.8495893478393555,-2.02300763130188,-2.094390392303467,-0.9197598099708557,3.1415746212005615,-2.5945470333099365,-1.0471832752227783,0.0006786978337913752,-0.02774921990931034,2.9071204608044354e-06,-6.204251803865191e-06,-1.5707989931106567,4.712462902069092,3.1415865421295166,-1.5708281993865967,1.5708025693893433,-3.1415278911590576,1.570784568786621,1.570788860321045,1.570984959602356,-1.5708037614822388,1.5707918405532837
1.7912100553512573,1.026094913482666,-1.1455827951431274,0.8130455613136292,1.2497360706329346,1.3388785123825073,-1.4203920364379883,1.4306410551071167,-4.71238899230957,1.7602075396208616e-12,-2.745944023132324,1.924800157546997,-2.0230000019073486,-2.094395160675049,0.9197471141815186,-5.7438172273993615e-11,-5.8826984172810626e-08,-3.1416232585906982,-3.141591787338257,-0.07036520540714264,3.1415927410125732,1.3196593123820932e-11,-1.570796251296997,-1.5707963705062866,0.7765632271766663,1.5707963705062866,-1.5707963705062866,-3.1415927410125732,-0.7942329049110413,-1.5707963705062866,-1.5707964897155762,-1.5707957744598389,-4.7123894691467285
-1.7912096977233887,-3.0844380855560303,-2.4974315948611547e-09,-0.8130419254302979,-1.2497360706329346,-3.982887029647827,-1.4203920364379883,-1.497481346130371,1.5708056688308716,-2.3817851543426514,-2.745943784713745,-1.924800157546997,-1.481771372269236e-10,-3.410814599646983e-07,2.7592387199401855,-3.103898763656616,-1.540498928420675e-08,3.1415927410125732,-3.1417148113250732,3.1415927410125732,4.206507497883649e-08,-3.141592502593994,-1.5707963705062866,-0.0007534313481301069,0.778552770614624,1.5707937479019165,-1.5707963705062866,-1.5715508460998535,0.7922435998916626,-1.5707956552505493,-1.5707963705062866,1.5707963705062866,-1.5707964897155762
-2.4425578117370605,1.0632747944328003e-06,-2.291245460510254,1.6260919570922852,-5.503935653905501e-07,-2.677747964859009,2.840782880783081,2.9949634075164795,-3.1415905952453613,3.57267427444458,0.6864905953407288,1.9247980117797852,2.0187342166900635,3.1418800354003906,-0.9197409749031067,-3.1416099071502686,-2.589745044708252,-2.0943965911865234,1.5707972049713135,-1.5707957744598389,-3.1415345668792725,-1.5708039999008179,3.1415860652923584,1.570786952972412,-1.5715913772583008,2.04923677444458,1.9588767290115356,-1.517850364507467e-06,-1.5708857774734497,1.061266541481018,-2.0700786113739014,-1.5708097219467163,-2.6631534099578857
1.7911837100982666,3.0781681537628174,-2.2912802696228027,-1.6260699033737183,2.4994144439697266,-4.833999992115423e-05,1.157379665528424e-05,-2.9948461055755615,-5.669024631060893e-06,-2.381763219833374,-2.7509243488311768,-1.9245374202728271,0.03688470274209976,3.7126357555389404,0.9202996492385864,3.1426291465759277,1.2944872379302979,0.48740869760513306,1.5708175897598267,-1.57129967212677,-0.3614329993724823,1.5708987712860107,0.0001209639958688058,-1.5707218647003174,3.14152455329895,-2.3044352531433105,-1.5708483457565308,0.00034238779335282743,1.5706979036331177,-3.1140849590301514,-2.0302089978940785e-05,-1.5707272291183472,0.7338995933532715
-0.16283690929412842,2.052189350128174,2.291240692138672,0.8131759762763977,-3.7492194175720215,1.3388944864273071,1.4163234233856201,-1.4793473482131958,-1.5704691410064697,2.381784200668335,-2.7459444999694824,-1.9248006343841553,5.247376861916564e-07,-2.094395399093628,0.9197515845298767,-3.141592502593994,-2.588832139968872,-1.0471982955932617,0.0004924091626890004,-3.1226465702056885,-0.004784784279763699,3.1415936946868896,-1.5707966089248657,1.6258587837219238,-1.570784330368042,-4.712708950042725,-1.570807695388794,-0.05505853891372681,-1.1491310942801647e-05,-1.5708067417144775,1.570797085762024,1.5613987445831299,-1.570796251296997
-2.442579507827759,2.052210569381714,-3.2524561882019043,-0.8155912756919861,3.749195098876953,-1.3388965129852295,-4.2613525390625,-4.483080863952637,-4.717840194702148,1.1909077167510986,-2.7459280490875244,-3.849600076675415,-2.0230166912078857,6.109563400968909e-06,2.7592132091522217,5.135663741384633e-06,-2.588839292526245,1.0472102165222168,3.1380491256713867,0.01023790892213583,-9.227264854416717e-07,3.141599178314209,1.570816159248352,-1.5705469846725464,3.141500473022461,-1.5698573589324951,1.5707865953445435,-0.00024947128258645535,1.5708764791488647,4.711992263793945,1.5697203874588013,1.5703786611557007,-1.5716079473495483
1.4655348062515259,-2.052471876144409,2.2913222312927246,4.065138816833496,1.2496978044509888,-1.3389520645141602,4.261165142059326,1.4975086450576782,1.570787787437439,-2.3817853927612305,2.7459421157836914,-1.9247559309005737,-2.0229952335357666,-4.188785076141357,0.9198706150054932,3.141528606414795,-2.5888781547546387,1.047057867050171,3.141481637954712,0.00010596998617984354,2.676999429240823e-06,3.1415514945983887,1.5707826614379883,0.6124125719070435,2.665605306625366,-1.5718740224838257,-1.5708552598953247,0.9582489728927612,1.0948306322097778,1.570815086364746,-1.5707709789276123,1.5676548480987549,-1.5708091259002686
0.814187228679657,-1.02609384059906,1.1224018408029224e-06,4.065326690673828,-1.2497236728668213,4.016711235046387,-1.4299548864364624,-4.484889030456543,-1.57160484790802,2.381783962249756,-2.8448015498838686e-08,-1.9248000383377075,4.046000003814697,4.188789367675781,-2.7592432498931885,3.1415934562683105,1.0050626997326617e-06,-3.1415939331054688,-0.005109736230224371,3.133469581604004,-3.1300647258758545,-1.9577137209125794e-06,1.5707943439483643,-1.5707975625991821,-1.57081139087677,-1.570814609527588,1.5707951784133911,-2.0710558601422235e-07,-1.4248527804738842e-05,-1.5707951784133911,-1.570797085762024,1.5707954168319702,1.5707975625991821
-2.2798190116882324,1.0258538722991943,1.7184728384017944,-1.6264910697937012,-0.0001805849460652098,2.67779803276062,-2.840778112411499,-2.9951224327087402,-0.0001371031830785796,-1.1906133890151978,3.432483196258545,-1.92475163936615,2.0228466987609863,-0.00014011198072694242,0.9196075201034546,-0.0006704290281049907,1.2941635847091675,-3.1411590576171875,-1.5721380710601807,-1.5706291198730469,-3.140928030014038,1.570834755897522,1.5707380771636963,1.5709843635559082,-0.0015677561750635505,0.1952613890171051,1.5704425573349,-3.141507863998413,1.5705432891845703,-0.03471905365586281,-3.1608705520629883,1.5772857666015625,1.376072883605957
2.7682442665100098,1.0260827541351318,1.1456642150878906,-0.8130462169647217,1.2499427795410156,-1.3278175592422485,-4.261574745178223,1.4974751472473145,-1.5707981586456299,-2.381795644760132,-1.3729839324951172,1.9247993230819702,-2.022995948791504,2.094383716583252,0.9197403192520142,-0.012341615743935108,-0.00021429925982374698,-3.141596794128418,1.2635118764592335e-05,-3.513937917887233e-05,-3.1415843963623047,-3.1415858268737793,1.5707852840423584,3.1502492427825928,-3.1801388263702393,-1.570522665977478,1.570796251296997,-1.5794453620910645,1.6093387603759766,-1.5708781480789185,-1.5708503723144531,1.571094036102295,-1.5707590579986572
-0.4884091913700104,3.0782766342163086,-1.1456807851791382,9.983145719161257e-05,0.00010919265332631767,-3.10884861391969e-05,2.8408851623535156,2.994870901107788,3.1416893005371094,0.5954335927963257,0.6876192092895508,1.9251641035079956,1.011766791343689,1.0472184419631958,-3.6789541244506836,-3.1421425342559814,-2.592318534851074,0.00011338223703205585,-1.5706366300582886,3.141878128051758,-6.3081338339543436e-06,1.5707453489303589,-9.012196824187413e-05,1.572210431098938,1.5711796283721924,-0.21901176869869232,-3.2781593799591064,1.5707992315292358,-1.5707875490188599,1.572564721107483,-2.6114978790283203,-3.0211663246154785,-1.3517223596572876
0.03920426592230797,-3.591331958770752,4.009673118591309,3.2521817684173584,1.2497363090515137,1.338879108428955,-1.4203925132751465,-1.4974843263626099,-1.5707969665527344,2.3817856311798096,-1.3729709386825562,0.9624006152153015,3.034499406814575,-3.141590118408203,-3.678988218307495,1.0672963526303647e-06,2.5888314247131348,-2.094395637512207,5.186360567677184e-07,-3.141592502593994,-1.4528912117839354e-07,2.706076429603854e-07,3.1415932178497314,-1.5707963705062866,-1.5707951784133911,1.5707964897155762,1.5707932710647583,1.5707964897155762,-1.5707792043685913,-1.6064929962158203,1.570796012878418,-1.5707957744598389,1.5707957744598389
-0.6513469219207764,2.0521903038024902,2.864051103591919,3.2521822452545166,2.4994747638702393,-1.484423137299018e-06,2.8407845497131348,-2.9949588775634766,-3.141592264175415,-1.1908910274505615,0.6864873766899109,-1.924800992012024,2.1677410586562473e-06,-2.094395399093628,-0.9197494983673096,-1.570800542831421,1.294417142868042,-2.6506393169256626e-06,4.7026262283325195,-1.5148131069508963e-06,-1.5707950592041016,-1.5707921981811523,-1.5707993507385254,-2.8010110781906405e-06,3.141594886779785,0.8508074283599854,4.71242094039917,1.5707956552505493,-2.2872326374053955,1.5707937479019165,0.7164416909217834,-1.605388879776001,-2.42159366607666
-1.6299972534179688,2.565246820449829,0.5727993249893188,2.4391462802886963,2.499474287033081,2.6777265071868896,1.876249189081136e-05,2.9949517250061035,-2.816406095007551e-06,1.7863174676895142,-0.686465322971344,-0.962378740310669,-2.0230231285095215,2.094390630722046,2.7592580318450928,-4.707043647766113,1.2944777011871338,3.1416049003601074,-1.5697524547576904,3.141573667526245,0.000356597505742684,-1.57077956199646,-1.5707881450653076,-2.4940289222286083e-05,-2.5821484086918645e-05,3.141596555709839,-4.715715408325195,1.5708129405975342,-1.5712941884994507,1.5707836151123047,1.489243507385254,-3.6827077865600586,-1.5713962316513062
-2.59619402885437,-0.5130879878997803,-0.5728468894958496,-8.498927491018549e-05,-3.751678466796875,-1.3394148349761963,1.4204323291778564,-1.497510313987732,1.5707640647888184,3.5728073120117188,1.3730015754699707,2.887392520904541,3.034600019454956,1.0473253726959229,2.9640799766639248e-05,3.1415865421295166,-2.588862180709839,-3.1229826618073275e-06,-3.141568899154663,-5.235960634308867e-05,3.14162278175354,-3.141636610031128,3.1417016983032227,-1.570349097251892,-1.567908525466919,1.5707573890686035,-1.5709664821624756,-1.570865511894226,4.710514068603516,1.5707588195800781,-1.5708253383636475,-1.5707265138626099,-1.5707508325576782
-3.0939435958862305,3.0784385204315186,3.4369282722473145,5.4071178965386935e-06,2.49960994720459,-6.868347554700449e-05,-2.840864658355713,-0.00025082629872485995,-3.1415529251098633,0.5953373312950134,0.00013988013961352408,7.413068669848144e-05,-3.034442186355591,0.44078919291496277,-3.6791470050811768,-3.1417577266693115,2.5887510776519775,-3.1416776180267334,-1.5708860158920288,0.00012729392619803548,-1.5707379579544067,-1.5708470344543457,-3.1416683197021484,-1.5707398653030396,-1.5706454515457153,1.3991156816482544,0.09197680652141571,1.5707911252975464,-0.00013492340804077685,-2.0687472820281982,-1.5707967281341553,2.897914171218872,-0.1718548834323883
-2.7682297229766846,1.0260947942733765,-3.436861991882324,0.813025712966919,3.749209403991699,1.338879108428955,1.4207452535629272,1.4852056503295898,4.712385654449463,1.1908926963806152,-2.7459442615509033,-1.5570916084284292e-11,2.0230047702789307,-0.0007954977918416262,2.7592415809631348,1.1795385501667255e-10,-2.5888311862945557,3.1415932178497314,3.141624689102173,-0.012675663456320763,-0.00040057796286419034,1.7605637836481947e-08,1.5707963705062866,-1.5707961320877075,1.5707968473434448,4.712357997894287,-1.5707963705062866,3.1415927410125732,-5.227994392953406e-07,4.71238899230957,4.71238899230957,-1.5707963705062866,-1.570796251296997
-0.48850828409194946,-1.0260934829711914,-1.1456241607666016,-2.439133644104004,-1.2497367858886719,1.3388783931732178,1.420440912246704,1.4976143836975098,-1.5706636905670166,-3.0070252705627354e-06,2.7459468841552734,1.9248006343841553,4.596761300490471e-06,-2.0943922996520996,-2.7592484951019287,3.1415884494781494,2.346149130971753e-06,3.141591787338257,-3.139112949371338,3.1414403915405273,-5.4764295782661065e-05,-3.8067594232416013e-06,-1.5707944631576538,-1.8698269128799438,-1.5742180347442627,1.5707749128341675,-4.712398052215576,-0.2990316152572632,0.003429401433095336,1.5707933902740479,-1.5707982778549194,1.5708041191101074,-1.5691604614257812
-0.48851117491722107,-3.0780704021453857,2.2912425994873047,-2.439282178878784,-1.2497361898422241,-1.33524751663208,-4.261190891265869,-4.492481708526611,4.715424060821533,1.1908931732177734,2.7459421157836914,-4.520155016507488e-06,-2.023000478744507,-9.109112966143584e-07,-0.9197333455085754,3.145242929458618,-2.5888307094573975,-1.0471962690353394,3.136129856109619,-3.141587972640991,1.8642027498572133e-05,2.1527253011299763e-06,-1.5707952976226807,-3.0766069889068604,-1.3730350732803345,-1.5754204988479614,-1.5707951784133911,-1.5058088302612305,0.19776085019111633,-1.5707660913467407,-1.5707950592041016,1.5707969665527344,-1.5707944631576538
0.4885142147541046,8.570781915295811e-07,-1.1457704305648804,0.8130033612251282,1.250416874885559,1.339013695716858,1.4206029176712036,-1.4453558921813965,-4.702321529388428,-2.3817856311798096,-1.372974157333374,-1.924803614616394,2.0230019092559814,-2.094398260116577,-0.9197452664375305,-3.1415910720825195,2.5895285606384277,-1.047195553779602,-3.163193464279175,0.055112823843955994,-3.1415915489196777,3.1415891647338867,-1.5707889795303345,-1.570786952972412,0.0038359081372618675,-1.5728954076766968,-1.5707870721817017,-1.4120483683655038e-05,1.5746303796768188,-1.570798397064209,-1.5708085298538208,-1.5707322359085083,-1.5739622116088867
2.4425551891326904,-1.0260951519012451,-1.3744826316833496,2.438580274581909,1.2398396730422974,1.3388640880584717,-4.261178493499756,1.4974844455718994,1.5707371234893799,1.1908886432647705,-2.7459394931793213,1.9248005151748657,2.022996425628662,2.5760855351109058e-06,-0.9197326898574829,1.6135296391439624e-05,-2.599329948425293,3.141690492630005,-3.140320062637329,-3.534800043780706e-06,3.0332309961522697e-06,-3.141594648361206,1.5707978010177612,-2.7703397274017334,0.00045706582022830844,1.5718932151794434,-1.5705565214157104,1.942074179649353,1.5703109502792358,1.5707987546920776,1.570793628692627,1.57077157497406,-1.5707954168319702
-0.8142207264900208,-2.05251145362854,-0.9589123129844666,0.814206063747406,1.249734878540039,1.3389372825622559,-1.4203863143920898,4.4534478187561035,-1.5706387758255005,-1.1909035444259644,-2.7459707260131836,1.5843147593841422e-07,-2.0229673385620117,-2.094372034072876,-4.5999274253845215,3.1415903568267822,2.588812828063965,3.1415886878967285,-3.1539628505706787,0.04279855638742447,-2.909005524998065e-05,-4.101604281459004e-05,-1.5708003044128418,1.528469204902649,3.1416399478912354,-1.577337384223938,1.5708389282226562,-0.04223445802927017,1.5708695650100708,1.570787787437439,1.5707511901855469,-4.711970329284668,-1.5685865879058838
2.4425625801086426,2.052194595336914,0.16547773778438568,-0.8130353689193726,1.2502577304840088,-1.3389065265655518,1.4199981689453125,-4.48792028427124,-1.570794939994812,-1.1908913850784302,3.1308888992498396e-06,-1.9248005151748657,-3.216886852897005e-06,-2.0943963527679443,0.9197428822517395,-5.719396995118586e-06,0.0005539038684219122,-1.0472030639648438,0.010476292110979557,-3.146451950073242,-3.1415915489196777,2.2180229279911146e-06,-1.5708004236221313,1.5712867975234985,3.1415929794311523,1.5709563493728638,4.712301731109619,-0.0004896711907349527,-1.5707961320877075,-4.7123637199401855,-4.71245002746582,1.570792555809021,1.5707961320877075
3.0939080715179443,-1.0264846086502075,1.1456174850463867,-2.439136505126953,1.249735951423645,-1.3388785123825073,-1.4203919172286987,1.3946930170059204,-4.712389945983887,2.3817851543426514,2.7459444999694824,-7.369348593811928e-14,-4.046000003814697,-2.0943949222564697,0.9198333024978638,-3.1415927410125732,-2.5888311862945557,-1.0471975803375244,-3.1415929794311523,-3.0348949432373047,5.541774816819611e-10,3.6059627226669977e-16,-1.570796251296997,-1.570796012878418,-3.145901918411255,4.7123894691467285,1.5707961320877075,3.0991083121989504e-07,1.5664869546890259,-1.5707964897155762,1.5707964897155762,1.5707956552505493,1.5707963705062866
1.7912100553512573,4.7491557353396274e-09,2.2002917265950828e-09,2.439136028289795,-1.2497361898422241,4.016635894775391,1.4203922748565674,1.57435941696167,1.5707961320877075,1.1908923387527466,1.3729722499847412,5.4507600689979174e-12,-2.0230000019073486,2.094395160675049,0.9197471737861633,3.4873057774831295e-09,2.5888311862945557,-3.1415927410125732,1.061990939632551e-09,-0.07763413339853287,2.5060899133677594e-07,3.1415929794311523,-1.5707963705062866,-1.570863962173462,-1.6672861576080322,1.5707963705062866,1.5707963705062866,3.141660451889038,-0.09648983180522919,-1.570796012878418,1.5707963705062866,1.5707967281341553,1.5707963705062866
-2.1168830394744873,-1.55091802298557e-05,2.2912425994873047,-0.8146488070487976,3.74920654296875,-1.3389561176300049,-1.381690263748169,-1.597127079963684,4.722851276397705,-1.1908776760101318,2.7459282875061035,3.8495445251464844,-2.0230019092559814,-2.0943844318389893,0.9197643399238586,-3.1416268348693848,2.588819980621338,3.1415908336639404,3.1233372688293457,-3.2478573322296143,3.094921827316284,-3.1416029930114746,1.570786952972412,-1.570755958557129,1.5706911087036133,-1.5584198236465454,-4.712402820587158,-4.18327035731636e-05,3.1414852142333984,1.5567506551742554,1.5707815885543823,1.5707796812057495,1.5708794593811035
-2.4425899982452393,-2.882887363433838,1.8469094038009644,0.8130521774291992,1.2682225704193115,1.3392970561981201,1.4204051494598389,1.4975144863128662,-1.571447730064392,-1.1909204721450806,-2.7459144592285156,-1.9248183965682983,-2.2848538719699718e-05,-2.0944252014160156,-2.759289026260376,3.1421642303466797,-0.019559474661946297,-3.1415278911590576,-3.142406940460205,3.1415767669677734,3.988048410974443e-05,-2.942210267065093e-05,1.5708261728286743,-3.1413042545318604,0.00020808195404242724,1.5721262693405151,-1.5708167552947998,-1.5710279941558838,1.5708703994750977,1.571099877357483,-1.5706417560577393,1.5707913637161255,-1.5708835124969482
2.442558526992798,3.0782864093780518,-2.2912418842315674,0.8130481243133545,1.2497771978378296,4.0165910720825195,1.4185744524002075,-1.4200307130813599,4.710195064544678,1.190893292427063,-1.372970461845398,-1.924800157546997,-2.022998571395874,2.094395875930786,-2.759243965148926,-4.230618742440129e-06,-2.588831663131714,-3.1415882110595703,0.00201857415959239,-0.07713586837053299,0.0019130229484289885,-3.141592025756836,1.570799469947815,1.6228299140930176,1.626352071762085,1.5707650184631348,4.712430477142334,-3.089556932449341,-3.0860369205474854,-1.570797085762024,1.5707993507385254,-1.5707902908325195,-1.5709582567214966
-2.442559242248535,-2.052189588546753,-1.142390489578247,-2.439136505126953,1.2506355047225952,-1.3388787508010864,1.4203821420669556,1.4994001388549805,4.712335109710693,2.381784439086914,2.745943784713745,-1.955565238631607e-07,2.0229997634887695,-2.0943946838378906,2.7592413425445557,-4.2395865307298664e-07,-2.5897648334503174,3.141592264175415,-0.0002459012612234801,-0.0020740479230880737,2.295057157652991e-07,-3.1415932178497314,1.5707957744598389,-1.5708160400390625,3.1415927410125732,-1.5707930326461792,-1.5707967281341553,-3.1416120529174805,1.5707951784133911,-1.5707967281341553,1.5708370208740234,1.570796012878418,-1.5708367824554443
-2.116886615753174,-2.0651580143749015e-06,2.291245460510254,2.4391069412231445,-1.249735951423645,-1.3391350507736206,-1.4203917980194092,-1.5062241554260254,1.572704792022705,2.381786584854126,1.3729740381240845,-9.604854511735539e-08,2.0229976177215576,-2.0943970680236816,2.759243965148926,6.014569862600183e-06,1.6642673017486231e-06,3.14159893989563,3.13920521736145,-0.009325988590717316,-3.1415936946868896,-3.1415913105010986,1.570794701576233,1.5704519748687744,0.3668075501918793,-1.5737500190734863,-1.5708070993423462,-0.00034626410342752934,1.9376026391983032,-1.5706099271774292,1.5707966089248657,-1.570797085762024,-1.5715259313583374
0.8141867518424988,3.078294515609741,-3.436856746673584,3.6654039377026493e-06,-2.4994778633117676,-2.9951543183415197e-06,-1.0146642352992785e-06,-2.994962692260742,-6.547135853907093e-06,4.168125152587891,-3.4323227405548096,-2.2625781639362685e-05,3.031053066253662,-3.141591787338257,3.6780190467834473,3.1392929553985596,2.588372230529785,-2.094393491744995,1.5710057020187378,-3.153916835784912,-3.1416001319885254,1.5707937479019165,-3.1415951251983643,1.5714589357376099,-1.5705424547195435,-0.7844365239143372,0.8022480607032776,1.5707886219024658,1.570798397064209,-1.5556060075759888,-2.857635498046875,0.0021374966017901897,-0.7863801717758179
-2.116891860961914,-1.0261006355285645,1.1456265449523926,1.6260849237442017,1.9790599253610708e-05,-2.6777544021606445,5.621961008728249e-06,0.0010547228157520294,5.847431384609081e-05,-2.786731481552124,-4.118880748748779,0.009221448563039303,1.702610969543457,-3.3143510818481445,1.2635940313339233,-1.5709178447723389,-0.00020931792096234858,-3.1417508125305176,1.581980586051941,0.2852807343006134,-4.712547779083252,1.5707929134368896,2.5623853616707493e-06,5.0944607210112736e-05,1.570786476135254,0.4953573942184448,0.030398739501833916,1.5708619356155396,3.1415963172912598,-1.5707838535308838,1.5708000659942627,3.141180992126465,-1.075432300567627
-0.1628648340702057,-2.052173137664795,2.291231870651245,4.065217018127441,-1.2500073909759521,4.016618251800537,1.4203096628189087,-1.4971771240234375,1.5708199739456177,1.190921664237976,2.7459795475006104,3.8496057987213135,-2.0230281352996826,2.094423770904541,-0.9197684526443481,-3.141580581665039,0.00010088340059155598,3.141569137573242,-3.1416015625,3.1412723064422607,0.00011648350482573733,3.1415700912475586,1.5707764625549316,1.7832510471343994,-2.194976806640625,-4.712372779846191,-1.566696047782898,-0.21251456439495087,-3.7657861709594727,1.570989727973938,1.5707834959030151,1.5707695484161377,-1.5708250999450684
3.0939199924468994,-2.0522093772888184,1.145629644393921,-1.626136302947998,5.030406555306399e-06,2.2287849787971936e-05,7.264316536748083e-06,1.619026625121478e-05,-3.1415786743164062,2.3817667961120605,2.745929718017578,3.8558661937713623,-0.20486588776111603,2.0910513401031494,-0.9197606444358826,5.113699080538936e-05,7.311246577046404e-07,3.141590118408203,-4.704080104827881,1.5708497762680054,-1.5708004236221313,-1.5707824230194092,-1.6456915545859374e-05,1.5708467960357666,-1.570823073387146,2.6193184852600098,-0.1695757806301117,2.4551356545998715e-05,1.0681420462788083e-05,1.22816002368927,-4.712359428405762,-1.570657730102539,-1.048518419265747
2.442556619644165,2.0521907806396484,2.2912397384643555,-3.2521846294403076,2.4994709491729736,2.6777591705322266,-5.5046434681571554e-06,-2.994965076446533,-5.5322328762486e-07,-2.3817837238311768,-0.6864873766899109,-2.7250455332250567e-06,2.495438575744629,1.0471978187561035,2.759242296218872,-4.38017650594702e-06,2.5929176807403564,-2.0943984985351562,1.5707941055297852,1.5707969665527344,-3.0415419587370707e-06,-1.5708001852035522,1.269634481104731e-06,-1.5707937479019165,-1.5630649328231812,2.0307679176330566,-1.5703978538513184,3.141587734222412,-4.712377548217773,0.9794303774833679,-1.5689014196395874,-1.5707975625991821,-3.601566791534424
1.139860987663269,2.052189350128174,1.1456204652786255,-1.6260915994644165,-6.061601993678778e-07,-2.6777586936950684,2.8407862186431885,-4.8190639034828564e-08,2.2483055772681837e-07,2.967748571336415e-07,2.7466046810150146,1.9318842887878418,0.006463676691055298,-1.6125617027282715,0.9197473526000977,9.9158329248894e-05,-1.2944154739379883,1.612619161605835,-4.701387405395508,-1.5707603693008423,0.36153143644332886,1.5707743167877197,2.6891706511378288e-05,1.5709314346313477,3.1415929794311523,-2.640751838684082,-1.5707963705062866,3.141606092453003,-1.5708050727844238,-1.5643620491027832,-3.202748121111654e-05,-1.5707982778549194,1.0698013305664062
0.16272777318954468,0.7566742897033691,-1.3671284914016724,0.8128601312637329,-1.2432724237442017,-1.346696376800537,1.4203135967254639,1.497483491897583,-1.5693951845169067,-1.19100022315979,2.7460532188415527,-3.8494627475738525,-8.70732037583366e-05,-2.0942583084106445,2.759101629257202,-3.1507699489593506,-2.5954983234405518,3.1417856216430664,0.0004473673761822283,0.00011688427184708416,-0.00010720742284320295,6.45105101284571e-05,-1.5707247257232666,-3.1417384147644043,-0.00010976677003782243,1.5704021453857422,-1.5702502727508545,-1.570658802986145,-1.5707801580429077,-1.561868667602539,-1.5709171295166016,-1.5709089040756226,1.5707350969314575
-0.4885094165802002,-2.0521934032440186,0.014154183678328991,0.8130438327789307,1.2495070695877075,-1.3389017581939697,-1.4203914403915405,1.4972686767578125,-1.5707987546920776,2.3817882537841797,1.3729785680770874,-3.8496012687683105,1.7770471458788961e-06,-2.0943992137908936,0.9197512269020081,3.141587972640991,-0.00023019079526420683,3.141547203063965,-3.1292338371276855,-0.00022703930153511465,-5.229810267337598e-05,6.875594863231527e-06,-1.5707985162734985,-1.5700454711914062,-3.144930362701416,-1.570804238319397,-1.570798635482788,3.1423404216766357,1.5741333961486816,-1.5707941055297852,1.5707656145095825,-1.570776343345642,-1.5707950592041016
-1.4655362367630005,2.0521907806396484,1.1456207036972046,-1.6260913610458374,-9.432595106773078e-06,-1.203066290145216e-06,2.8407793045043945,-2.9949653148651123,-3.1415932178497314,0.5954587459564209,-3.432429313659668,1.2179870054751518e-06,-1.0115023851394653,3.1418097019195557,1.4813796269663726e-06,-6.904235488036647e-05,0.0004502748779486865,2.0943973064422607,1.570798635482788,-3.141590118408203,3.1415278911590576,-1.5707978010177612,-5.159235456630995e-07,1.570805549621582,-1.5718990564346313,1.3612101078033447,1.5774176120758057,-1.5708004236221313,-4.712378025054932,3.4167211055755615,-1.5517076253890991,-1.0459156036376953,0.20958690345287323
-0.16283832490444183,1.047349214553833,2.2912404537200928,0.8130440711975098,1.24973464012146,1.3312859535217285,1.4203921556472778,-1.4974836111068726,1.5707972049713135,-1.0384183042333461e-06,-2.7459423542022705,1.9248015880584717,1.1314506309645367e-06,-2.094393730163574,2.7592411041259766,-0.009626873768866062,-2.5888314247131348,3.1415929794311523,-2.8356058123790717e-07,-1.7885173292597756e-05,-6.558847758242337e-07,-4.690569710419368e-07,1.5707978010177612,-3.141533613204956,-1.6366209983825684,-1.570796251296997,1.5707848072052002,-1.570737600326538,0.06582214683294296,-1.5707889795303345,-1.570796012878418,-4.712390899658203,-1.5707967281341553
3.093905210494995,2.0525906085968018,-2.728385197769967e-06,0.8130472898483276,3.749208927154541,-4.004745960235596,-1.4203898906707764,-1.4974796772003174,1.5707972049713135,-3.5726747512817383,1.3729742765426636,-5.639359912379405e-08,2.022998094558716,3.4800489174813265e-06,-0.9197473526000977,-3.125899314880371,-2.5888335704803467,-1.047200322151184,3.141601085662842,2.877927045119577e-06,2.043170979959541e-06,-1.6631656762911007e-06,-1.5707961320877075,3.1478936672210693,-0.6799215078353882,4.708107948303223,-1.5707981586456299,1.5771013498306274,-4.032469272613525,1.5707722902297974,1.5707981586456299,1.5708028078079224,1.570798635482788
-1.465643048286438,2.0544824600219727,3.4369568824768066,0.8130457997322083,-1.249636173248291,-1.3381431102752686,-1.420457124710083,-1.4975574016571045,-1.570789098739624,2.3816797733306885,2.7460544109344482,-1.924806833267212,-0.00010684812878025696,0.00010590482270345092,-0.9197436571121216,-3.140665054321289,2.5887341499328613,-3.1416914463043213,3.1491363048553467,-4.936817731504561e-06,3.141657829284668,-3.141491174697876,1.5708976984024048,0.002107159933075309,-4.421193599700928,-1.5702153444290161,1.5709030628204346,1.5730286836624146,-2.8503220081329346,1.5709060430526733,1.5708961486816406,4.710961818695068,1.5708030462265015
2.76823353767395,2.1744070053100586,-2.300391912460327,-2.439136028289795,3.7254745960235596,-1.3388785123825073,-4.261175632476807,-1.4974812269210815,-1.5708049535751343,-1.1908928155899048,-7.52975068962769e-08,-1.924800157546997,-2.0230000019073486,2.094395160675049,-0.9197471141815186,-1.82340968990502e-07,-0.02461383119225502,-1.047197699546814,3.141599416732788,-3.052584851559459e-09,3.1415929794311523,-3.8563563009574864e-08,-1.570796251296997,-3.1415927410125732,-3.141592025756836,1.5707963705062866,1.5707708597183228,1.570796251296997,-1.5707969665527344,1.5707985162734985,1.5707963705062866,1.5707963705062866,-1.5708903074264526
0.16283497214317322,-2.052196979522705,2.2912518978118896,-4.065221309661865,1.2500437498092651,1.3389968872070312,1.4074314832687378,4.479673862457275,1.570847988128662,1.1909050941467285,-1.3729758262634277,2.5840503781182633e-07,4.0460004806518555,2.0943968296051025,0.9197355508804321,1.790349415387027e-05,4.6297978428810893e-07,-1.0472142696380615,3.141998052597046,-3.1286962032318115,3.1558115482330322,-3.1416025161743164,-1.5708069801330566,-1.570611834526062,1.5697392225265503,4.711574077606201,1.57078218460083,-3.1417839527130127,-3.142653703689575,1.5699992179870605,-1.570794701576233,1.5708019733428955,-1.570799708366394
-0.3939169645309448,-2.565237283706665,0.5728101134300232,-0.8130452632904053,1.249284267425537,4.01662540435791,1.4203925132751465,-1.497481346130371,1.539604663848877,1.2871156229721237e-07,2.745943784713745,1.924800992012024,-1.0115000009536743,-3.141592264175415,-1.839493989944458,3.141592025756836,2.5888309478759766,2.0943949222564697,3.1415929794311523,9.120648769567197e-08,1.704224388276998e-07,-3.141592502593994,3.1415910720825195,-1.570796251296997,1.5707967281341553,-1.570796251296997,-1.576794981956482,1.5707964897155762,-1.5707964897155762,1.6067813634872437,1.570791244506836,-1.5707963705062866,1.771499514579773
-3.4195783138275146,0.81938636302948,-3.436187982559204,-4.065228462219238,1.2497363090515137,1.3388042449951172,-1.4027560949325562,-4.492310047149658,1.570806860923767,-1.1908972263336182,1.3729712963104248,1.9248048067092896,-2.023005247116089,-2.0943996906280518,-0.9197484850883484,9.643635712563992e-05,-2.588865280151367,-3.1439361572265625,3.1415939331054688,-4.637395250028931e-06,-3.121136426925659,3.1415934562683105,1.5707968473434448,-3.1415913105010986,1.5719510316848755,1.570786714553833,-1.5708036422729492,1.570788025856018,0.0012595626758411527,1.5708034038543701,1.571018934249878,1.5708012580871582,-1.570801019668579
-1.465536117553711,-1.0260955095291138,-1.1456199884414673,-0.8130457401275635,1.249737024307251,1.338878870010376,-1.420405387878418,1.497470736503601,-4.7123894691467285,4.2408242961755604e-07,1.3729710578918457,-1.924800157546997,2.022998809814453,2.0943961143493652,-2.759242057800293,-8.35147318412055e-07,-6.175010867082165e-07,-1.047197937965393,-3.1415867805480957,-7.508313956350321e-06,-3.141577959060669,6.557562528541894e-07,1.5707968473434448,1.135022521018982,1.5816783905029297,4.6979265213012695,-1.570797085762024,0.4357738196849823,-0.010881439782679081,4.712380409240723,-1.5708547830581665,-1.5707967281341553,1.5707972049713135
1.4653747081756592,-1.026249647140503,1.1457734107971191,-1.6262508630752563,-2.4993202686309814,2.677907943725586,-2.8407139778137207,0.0001627906458452344,3.141531229019165,-1.7860764265060425,0.6863207221031189,-3.5533509254455566,-1.0116868019104004,-1.0470086336135864,1.8393449783325195,3.1397011280059814,8.549830090487376e-05,2.0943944454193115,-1.5699728727340698,0.0001801355101633817,-3.1445276737213135,-1.5709823369979858,3.1418025493621826,1.5702275037765503,-1.5711091756820679,0.005206469912081957,-0.3186071813106537,1.570885419845581,-1.5715423822402954,0.368649423122406,-1.65079927444458,-3.364616870880127,-1.5760329961776733
-2.1169230937957764,-3.4031127142952755e-05,-1.1456453800201416,-0.8114831447601318,-1.2496918439865112,-1.3388621807098389,1.4203842878341675,1.4651029109954834,-1.5711487531661987,-4.024327063234523e-05,1.373013973236084,-1.9248133897781372,-3.522529732435942e-05,2.094358205795288,-4.598784446716309,-2.2846566935186274e-05,-2.5888023376464844,3.1416170597076416,-3.150503158569336,3.107168674468994,-3.141599655151367,-3.1416261196136475,1.5708059072494507,1.5707396268844604,-2.270245313644409,1.5708034038543701,1.5705269575119019,-1.0930895768979099e-05,-0.6994954347610474,-1.5707780122756958,-1.570835828781128,-1.5708038806915283,1.558939814567566
-0.8141914010047913,-2.052321672439575,2.2912378311157227,0.813059389591217,1.249559998512268,1.34372079372406,1.4203766584396362,1.4974045753479004,1.5715851783752441,-4.032002834719606e-06,1.3729677200317383,-1.9248002767562866,-2.0230088233947754,-2.0943899154663086,2.7592341899871826,3.1350035667419434,2.589014768600464,-3.141570806503296,0.009028170257806778,3.1415998935699463,-2.7402038540458307e-06,-3.141592025756836,-1.5707985162734985,-3.154148578643799,-2.654014825820923,1.5704795122146606,-1.5716376304626465,-1.5833641290664673,-1.0832209587097168,-1.5707894563674927,1.5708129405975342,-1.5708459615707397,-4.710288047790527
-1.9539381265640259,-1.0259922742843628,-1.7184007167816162,1.6260545253753662,2.4993667602539062,2.6778740882873535,2.8410940170288086,2.994950771331787,-4.4188454921822995e-05,-3.088009907514788e-05,-0.6864528656005859,1.924787163734436,2.022939443588257,-0.00017070506874006242,-0.9197807908058167,1.570834755897522,-1.2939313650131226,-2.0944833755493164,1.5707842111587524,0.00011891633766936138,1.5706658363342285,1.5708284378051758,1.5707772970199585,3.1418004035949707,0.0008681981125846505,0.9582224488258362,-1.5708216428756714,1.5709638595581055,1.4274635314941406,-1.5707252025604248,0.1434946060180664,-1.8781540393829346,3.754417657852173
2.116764545440674,3.0781495571136475,0.0001462340005673468,-1.626165747642517,2.49957013130188,2.6778526306152344,-0.0001486906985519454,-2.995012044906616,-0.00017586919420864433,-2.3818390369415283,-3.4329912662506104,-3.8494064807891846,-1.2853418588638306,-1.0471601486206055,-0.9200376868247986,3.1425445079803467,2.590909481048584,-2.0944230556488037,-1.5709547996520996,-1.5723414421081543,3.1416194438934326,-1.570743441581726,3.1413228511810303,1.5707077980041504,1.5696457624435425,-3.1571831703186035,-0.4538080394268036,-0.000748273974750191,-1.5705972909927368,0.20469142496585846,-0.08603549748659134,-1.5724271535873413,-1.5866360664367676
3.093907356262207,1.0260952711105347,-2.291239023208618,-0.8132626414299011,1.2497373819351196,-1.3388794660568237,-1.4203060865402222,1.4974809885025024,-1.5707981586456299,-1.1908930540084839,-2.7459442615509033,-1.9247976541519165,2.0229990482330322,2.0943961143493652,-2.7592453956604004,-3.1415927410125732,-1.503767748545215e-06,1.0471992492675781,3.1406311988830566,7.474158678633103e-07,2.2555021132575348e-05,-2.392925580352312e-06,1.5708063840866089,-1.0972795486450195,2.5840470790863037,-1.5707929134368896,-1.5707956552505493,-3.6151137351989746,-2.1283435821533203,-1.570794939994812,-4.702970504760742,-1.5707964897155762,-1.571104645729065
-1.139846920967102,-2.052222490310669,-2.4054821551544592e-05,-1.0096866390085779e-05,2.499505043029785,-2.6777946949005127,2.840811252593994,-5.908027378609404e-05,-3.768879469134845e-05,2.977252244949341,0.0006106424261815846,-3.850740909576416,3.0343997478485107,-3.874399185180664,1.8395087718963623,-0.0002679436292964965,2.585313081741333,3.1442148685455322,-1.565670132637024,-3.1416616439819336,1.5707629919052124,1.5708425045013428,3.0481623980449513e-05,-1.5715852975845337,-1.573265552520752,-0.9515262246131897,-0.6266787648200989,1.5708189010620117,-8.570370482630096e-06,-3.8673532009124756,1.570792317390442,2.5278608798980713,2.5223305225372314
3.4195826053619385,-2.0521867275238037,2.29124116897583,-4.065227508544922,-1.2497360706329346,-4.016636371612549,-4.2611775398254395,-1.3521195650100708,1.5707958936691284,-3.57267689704895,2.745944023132324,-1.959002350528788e-13,-2.022998332977295,-6.350542776090151e-07,0.9197473526000977,3.1415932178497314,2.5888311862945557,-1.0471974611282349,-1.25377850324071e-08,-2.984187364578247,3.1415936946868896,-3.950341789793477e-11,-1.5707961320877075,1.5708006620407104,-1.026261806488037,4.7123894691467285,-1.5707963705062866,-3.141597032546997,-0.54453444480896,1.5707963705062866,1.5707969665527344,-1.5707958936691284,-1.5707963705062866
1.4655357599258423,0.29030486941337585,1.1456210613250732,-0.81304532289505,-3.749211311340332,-1.339165449142456,-4.261172771453857,-4.492444038391113,-1.5707964897155762,2.381784677505493,1.372972011566162,-1.9247996807098389,3.7686742615505864e-08,4.4281071609475475e-07,0.9197473526000977,-0.00036772037856280804,-2.588831663131714,3.1415929794311523,-3.141592264175415,3.141592502593994,3.141587972640991,3.141592264175415,1.570796251296997,5.424246651841713e-08,1.544041633605957,1.5864344835281372,4.71239709854126,1.570796251296997,-3.114851236343384,-1.5707958936691284,-1.570796251296997,-1.5707964897155762,1.5707961320877075
-0.8141198754310608,2.0521140098571777,1.145631194114685,-3.2519843578338623,-2.499469518661499,-2.6776885986328125,-2.8405253887176514,1.2610285011760425e-06,-0.00023026519920676947,-3.0934841632843018,-2.059530735015869,1.9128389358520508,1.699888825416565,-3.141531229019165,0.573151171207428,-1.5650712251663208,0.0005792074953205884,-2.0942275524139404,1.5726579427719116,2.8547651767730713,0.00016612761828582734,-1.570793867111206,-3.141619920730591,0.0029691057279706,-1.5718097686767578,-2.8323535919189453,-1.4377919435501099,-1.5705655813217163,-1.570691466331482,-1.5715134143829346,-3.0735983848571777,-3.1400067806243896,1.8799595832824707
0.9775153398513794,-3.0782835483551025,0.5727647542953491,1.6260846853256226,-2.499472141265869,2.677746057510376,-1.2297256944293622e-05,-2.994962692260742,3.141594409942627,-1.1908923387527466,2.059452772140503,-3.8495967388153076,2.023000478744507,-2.0943944454193115,-2.759242057800293,3.1415910720825195,1.296122670173645,1.0471986532211304,-1.5707980394363403,4.712294101715088,2.628831907713902e-06,-1.5708643198013306,1.5711228847503662,-1.5707941055297852,3.1415905952453613,-0.03564949333667755,-1.5697550773620605,3.141592502593994,-1.5707969665527344,0.33513566851615906,0.5195721983909607,1.570797324180603,-1.5351471900939941
1.4653499126434326,2.05192494392395,-1.1455825567245483,-1.625893473625183,-0.0001685141323832795,-0.00018835173978004605,-2.8406221866607666,-2.994722843170166,-0.0002017723600147292,0.5954079031944275,3.432218074798584,-1.9254215955734253,3.0343427658081055,-1.0474743843078613,1.8396128416061401,0.00019557175983209163,9.443696399102919e-06,2.094454526901245,-1.5678349733352661,-3.1420445442199707,3.1418728828430176,-1.5710726976394653,-0.00013543045497499406,-1.5704306364059448,1.5707972049713135,-1.369785189628601,2.157503128051758,1.5730894804000854,1.5705758333206177,-2.848973035812378,-0.8630900979042053,-1.6420493125915527,2.941047430038452
